event_month,aar,std,n,se,t_stat,api,news,event,model,surprise
-12,-0.00035516244411326484,0.10379742569103989,1342,0.002833415887006073,-0.12534779865604093,1.0,Good,FYE,Simple (EW),SUE
-11,-0.012410692250372566,0.1265572394248708,1342,0.0034547031433074817,-3.5924048277244314,0.9875893077496274,Good,FYE,Simple (EW),SUE
-10,0.016746971684053653,0.10559425491418614,1342,0.0028824649306909674,5.8099481127214165,1.0041284379219844,Good,FYE,Simple (EW),SUE
-9,0.004066935916542478,0.12109777012396485,1342,0.0033056729824068325,1.2302898496575958,1.008212163930991,Good,FYE,Simple (EW),SUE
-8,0.0019202064083457533,0.10205866254151454,1342,0.0027859519051317023,0.6892460723420055,1.0101481393891432,Good,FYE,Simple (EW),SUE
-7,-0.000197518628912069,0.13499162816634228,1342,0.0036849413298344273,-0.05360156681814632,1.0099486163136528,Good,FYE,Simple (EW),SUE
-6,0.030203210879284653,0.10896587691103016,1342,0.0029745019659761463,10.154039642523088,1.0404523073494159,Good,FYE,Simple (EW),SUE
-5,0.013457997764530551,0.11113247829622211,1342,0.003033644885415064,4.436246915132661,1.054454712175825,Good,FYE,Simple (EW),SUE
-4,0.01364762220566319,0.12066883789262269,1342,0.003293964181435685,4.1432211930473475,1.068845511720582,Good,FYE,Simple (EW),SUE
-3,0.0006687712369597603,0.09075202846622414,1342,0.002477308445005335,0.2699588088468007,1.0695603248555743,Good,FYE,Simple (EW),SUE
-2,-0.0032603758389261783,0.10027071507107449,1341,0.002738165682649795,-1.1907153243448099,1.0660731562141412,Good,FYE,Simple (EW),SUE
-1,0.03404176229508196,0.13533890560968248,1342,0.0036944211547781393,9.214369685777275,1.1023641651871507,Good,FYE,Simple (EW),SUE
0,0.030271012667660212,0.11822992675170166,1342,0.003227387871592981,9.379415760374343,1.1357338447959058,Good,FYE,Simple (EW),SUE
1,-0.0012472183308494796,0.10250052148308088,1342,0.0027980135736799796,-0.4457513510948139,1.1343173367257102,Good,FYE,Simple (EW),SUE
2,0.01680136661698957,0.1356673058107664,1342,0.0037033856771721417,4.536758545175041,1.153375418160046,Good,FYE,Simple (EW),SUE
3,0.013829045522388062,0.10160449554849474,1340,0.00277562330174362,4.982320732680399,1.1693254993221847,Good,FYE,Simple (EW),SUE
4,-0.006719780688622751,0.09613051941635127,1336,0.0026300139971476826,-2.555036093309969,1.1614678884131253,Good,FYE,Simple (EW),SUE
5,-0.005704472180451131,0.1290783556903779,1330,0.0035393833526606738,-1.6117135704339252,1.1548423271551853,Good,FYE,Simple (EW),SUE
6,0.0014705188253012042,0.08629007013520938,1328,0.0023678914232124343,0.6210246005731984,1.1565405445375214,Good,FYE,Simple (EW),SUE
-12,-0.004480062200956939,0.12457690339883083,836,0.004308582297230902,-1.039799612006076,1.0,Bad,FYE,Simple (EW),SUE
-11,-0.009980505980861231,0.13526276070712792,836,0.0046781604001788065,-2.1334253482372603,0.9900194940191388,Bad,FYE,Simple (EW),SUE
-10,0.006828661483253591,0.11061969165501469,836,0.0038258620353089487,1.7848687224556854,0.9967800020056174,Bad,FYE,Simple (EW),SUE
-9,-0.010231303827751193,0.1391954294455989,836,0.004814174592578523,-2.1252456949782537,0.9865816429556716,Bad,FYE,Simple (EW),SUE
-8,-0.0020007870813397123,0.11554968733989472,836,0.003996369501410391,-0.5006511736799109,0.984607703149759,Bad,FYE,Simple (EW),SUE
-7,-0.021559220095693776,0.1387531595244021,836,0.004798878367507286,-4.49255397712704,0.9633803289696379,Bad,FYE,Simple (EW),SUE
-6,0.029534770334928233,0.12212866711091916,836,0.004223908274665387,6.992284967946644,0.9918335457309437,Bad,FYE,Simple (EW),SUE
-5,0.02859419258373206,0.1272578098841018,836,0.004401303386837616,6.496755635897505,1.02019422514858,Bad,FYE,Simple (EW),SUE
-4,-0.002438253588516748,0.11506155787505665,836,0.003979487190857006,-0.6127054747452663,1.0177067329181275,Bad,FYE,Simple (EW),SUE
-3,0.0007996889952153093,0.0988126628552973,836,0.0034175074055065578,0.23399773587228728,1.0185205817927987,Bad,FYE,Simple (EW),SUE
-2,-0.009306236842105266,0.1152096615551579,836,0.003984609463740897,-2.335545535086952,1.009041988030076,Bad,FYE,Simple (EW),SUE
-1,0.012721763157894733,0.1464565347343509,836,0.0050653051701727335,2.5115492019725445,1.0218787812181658,Bad,FYE,Simple (EW),SUE
0,0.04338751674641148,0.13790064221701218,836,0.004769393439896397,9.097072257338024,1.0662155639510715,Bad,FYE,Simple (EW),SUE
1,-0.013965844497607656,0.13163337767933023,836,0.004552635563416921,-3.067639459180821,1.0513249631840018,Bad,FYE,Simple (EW),SUE
2,-0.03156862679425837,0.12879890515236284,836,0.004454603281200203,-7.086742589960299,1.0181360777817587,Bad,FYE,Simple (EW),SUE
3,-0.0008268955582232874,0.11838736839697653,833,0.004101879198652474,-0.20158944673332516,1.0172941855813742,Bad,FYE,Simple (EW),SUE
4,-0.01917678045838359,0.10831515916555927,829,0.0037619409731516266,-5.097576117021829,0.99778575832289,Bad,FYE,Simple (EW),SUE
5,0.0013033810679611622,0.13269638242698323,824,0.004622697525697264,0.2819524878527645,0.9990862533901693,Bad,FYE,Simple (EW),SUE
6,-0.00041027527405603095,0.10841410151702434,821,0.0037836782314954963,-0.10843291869823453,0.998676353003754,Bad,FYE,Simple (EW),SUE
-12,0.01138056721698113,0.10864577190539325,848,0.003730911124891363,3.050345300656957,1.0,Good,FYE,Simple (EW),TSUE
-11,-0.012553364386792441,0.12104654109702685,848,0.004156755287281443,-3.0199911996749895,0.9874466356132076,Good,FYE,Simple (EW),TSUE
-10,0.023837709905660382,0.10421734606336852,848,0.0035788383571249967,6.660739471008138,1.0109851020602756,Good,FYE,Simple (EW),TSUE
-9,0.021711376179245286,0.11602553728010459,848,0.003984333308311203,5.449186726912628,1.032934979922719,Good,FYE,Simple (EW),TSUE
-8,0.01099557429245283,0.09587075296546115,848,0.0032922151733802986,3.339871093894227,1.0442926932337324,Good,FYE,Simple (EW),TSUE
-7,-0.001570235849056601,0.12574452544359618,848,0.004318084732098162,-0.3636417408357852,1.0426529074099091,Good,FYE,Simple (EW),TSUE
-6,0.031807767688679246,0.098734230988805,848,0.003390547412415596,9.381307446757631,1.0758173688687294,Good,FYE,Simple (EW),TSUE
-5,0.009652834905660377,0.104309342727902,848,0.003581997535555426,2.694818968981676,1.0862020563190613,Good,FYE,Simple (EW),TSUE
-4,0.020683920990566037,0.10792580355675621,848,0.0037061873102928653,5.580916251351468,1.108668973831755,Good,FYE,Simple (EW),TSUE
-3,0.0055866721698113195,0.08509681380155744,848,0.0029222365835046282,1.9117795599941614,1.114862743933394,Good,FYE,Simple (EW),TSUE
-2,0.009273944510035416,0.10146892390999315,847,0.003486513486586722,2.6599479811892417,1.1252019191569382,Good,FYE,Simple (EW),TSUE
-1,0.022165429245283013,0.1262350633875368,848,0.00433492987425264,5.113215181849839,1.150142502682668,Good,FYE,Simple (EW),TSUE
0,0.005969682783018869,0.10580328135219712,848,0.0036332995985399025,1.6430472140029075,1.1570084885789509,Good,FYE,Simple (EW),TSUE
1,0.007384944575471698,0.10092080619861553,848,0.003465634713399545,2.1309067995304054,1.1655529321404567,Good,FYE,Simple (EW),TSUE
2,0.007150099056603777,0.12024745858496827,848,0.004129314681156967,1.7315461786507478,1.1738867510609758,Good,FYE,Simple (EW),TSUE
3,0.014150475177304967,0.10162975608999764,846,0.0034941029894440855,4.049816281905393,1.1904978063928315,Good,FYE,Simple (EW),TSUE
4,0.002054226303317539,0.09764618799400274,844,0.0033611204035283184,0.6111730782274643,1.1929433583007656,Good,FYE,Simple (EW),TSUE
5,-0.0046422678571428596,0.11584407155562557,840,0.0039970002017264234,-1.1614379842006828,1.187405395693134,Good,FYE,Simple (EW),TSUE
6,0.004099085816448152,0.08795300241762213,839,0.0030364748542109415,1.3499488760012606,1.1922726723089938,Good,FYE,Simple (EW),TSUE
-12,-0.008352583653846155,0.08832832459748662,1040,0.0027389450745396765,-3.0495623046584606,1.0,Bad,FYE,Simple (EW),TSUE
-11,-0.0275440846153846,0.1126484514296924,1040,0.0034930801937418095,-7.885328445860615,0.9724559153846154,Bad,FYE,Simple (EW),TSUE
-10,0.002967399038461541,0.08775975167503008,1040,0.0027213143766568,1.090428604616811,0.975341580132874,Bad,FYE,Simple (EW),TSUE
-9,-0.02026149807692307,0.11578315656617479,1040,0.0035902832736465647,-5.643426028705516,0.9555796985826687,Bad,FYE,Simple (EW),TSUE
-8,-0.006925256730769231,0.09922157225296706,1040,0.003076730344980185,-2.250849425939481,0.9489620638432725,Bad,FYE,Simple (EW),TSUE
-7,-0.03301247403846153,0.11438372360219891,1040,0.0035468886995810305,-9.307445717809264,0.9176344783471616,Bad,FYE,Simple (EW),TSUE
-6,0.02862448846153846,0.10183297310010163,1040,0.0031577064477252776,9.06496184347938,0.9439012958845199,Bad,FYE,Simple (EW),TSUE
-5,0.024031190384615386,0.11346880684656109,1040,0.003518518335341841,6.829917622777043,0.9665843676302059,Bad,FYE,Simple (EW),TSUE
-4,0.0047849163461538445,0.1031204034332512,1040,0.0031976279676438533,1.4963955765246737,0.9712093929708164,Bad,FYE,Simple (EW),TSUE
-3,-0.0002743144230769246,0.08556545737246532,1040,0.0026532721987994915,-0.10338721492692753,0.9709429762264967,Bad,FYE,Simple (EW),TSUE
-2,-0.007097382692307697,0.09440364038268374,1040,0.002927332619780315,-2.4245221210428514,0.9640518223518091,Bad,FYE,Simple (EW),TSUE
-1,0.01852377788461538,0.12581579919267885,1040,0.0039013823149982676,4.748003755849189,0.9819097041783127,Bad,FYE,Simple (EW),TSUE
0,0.045853820192307694,0.11831708411744776,1040,0.003668857031469171,12.498121294725353,1.0269340151987871,Bad,FYE,Simple (EW),TSUE
1,-0.012838323076923078,0.09793486766696799,1040,0.003036831329525407,-4.227539064189461,1.0137499045329832,Bad,FYE,Simple (EW),TSUE
2,-0.023904214423076917,0.11860205435622129,1040,0.0036776935834521955,-6.499784139340503,0.9895170094436531,Bad,FYE,Simple (EW),TSUE
3,0.013184002892960464,0.08750351855736932,1037,0.0027172909249826623,4.851892291600902,1.0025628045587918,Bad,FYE,Simple (EW),TSUE
4,-0.015745780038759687,0.0859396620903682,1032,0.002675184830281686,-5.88586622521395,0.9867766711631668,Bad,FYE,Simple (EW),TSUE
5,0.0042201656920077945,0.114098147815829,1026,0.0035620902124018764,1.1847441924167847,0.9909410322164833,Bad,FYE,Simple (EW),TSUE
6,-0.0007055935672514627,0.08115934828761118,1026,0.0025337564694464564,-0.2784772632097559,0.9902418305986259,Bad,FYE,Simple (EW),TSUE
-12,0.009523837555886734,0.10379742569103989,1342,0.002833415887006073,3.361256495935756,1.0,Good,FYE,Simple (VW),SUE
-11,0.042196307749627425,0.1265572394248708,1342,0.0034547031433074817,12.214163127552924,1.0421963077496275,Good,FYE,Simple (VW),SUE
-10,0.006121971684053651,0.10559425491418614,1342,0.0028824649306909674,2.1238668401027616,1.0485766040348958,Good,FYE,Simple (VW),SUE
-9,-0.05643706408345753,0.12109777012396485,1342,0.0033056729824068325,-17.072791042496338,0.9893980190365643,Good,FYE,Simple (VW),SUE
-8,-0.016573793591654246,0.10205866254151454,1342,0.0027859519051317023,-5.9490594798587315,0.9729999404890607,Good,FYE,Simple (VW),SUE
-7,-0.009681518628912068,0.13499162816634228,1342,0.0036849413298344273,-2.6273196130770096,0.9635798234392855,Good,FYE,Simple (VW),SUE
-6,0.016644210879284645,0.10896587691103019,1342,0.0029745019659761468,5.59562947668871,0.9796178492196327,Good,FYE,Simple (VW),SUE
-5,0.021148997764530556,0.11113247829622211,1342,0.003033644885415064,6.971481028056106,1.0003357849228731,Good,FYE,Simple (VW),SUE
-4,-0.018286377794336808,0.12066883789262269,1342,0.003293964181435685,-5.551480461565502,0.9820432668385789,Good,FYE,Simple (VW),SUE
-3,-0.007383228763040236,0.09075202846622414,1342,0.002477308445005335,-2.98034295161188,0.9747926167443063,Good,FYE,Simple (VW),SUE
-2,-0.035282375838926176,0.1002707150710745,1341,0.0027381656826497955,-12.885405752650616,0.9403996172753233,Good,FYE,Simple (VW),SUE
-1,0.022239762295081972,0.13533890560968248,1342,0.0036944211547781393,6.019823231663347,0.9613138812259127,Good,FYE,Simple (VW),SUE
0,0.060508012667660205,0.11822992675170166,1342,0.003227387871592981,18.748292760297986,1.0194810737287279,Good,FYE,Simple (VW),SUE
1,-0.03399021833084948,0.10250052148308088,1342,0.0027980135736799796,-12.147981929246024,0.9848286894485195,Good,FYE,Simple (VW),SUE
2,0.007587366616989571,0.1356673058107664,1342,0.0037033856771721417,2.0487649082185757,0.9923009457702949,Good,FYE,Simple (VW),SUE
3,0.009016045522388058,0.10160449554849474,1340,0.00277562330174362,3.2482958032252665,1.0012475762692685,Good,FYE,Simple (VW),SUE
4,-0.014238780688622757,0.09613051941635128,1336,0.002630013997147683,-5.413956239040962,0.9869910316157554,Good,FYE,Simple (VW),SUE
5,-0.010493472180451126,0.1290783556903779,1330,0.0035393833526606738,-2.9647741244425614,0.9766340686831406,Good,FYE,Simple (VW),SUE
6,-0.043504481174698795,0.0862900701352094,1328,0.0023678914232124347,-18.37266723812775,0.9341461102275455,Good,FYE,Simple (VW),SUE
-12,0.00539893779904306,0.12457690339883082,836,0.004308582297230901,1.2530659568723854,1.0,Bad,FYE,Simple (VW),SUE
-11,0.044626494019138756,0.13526276070712795,836,0.004678160400178807,9.539325333400935,1.0446264940191388,Bad,FYE,Simple (VW),SUE
-10,-0.003796338516746412,0.11061969165501469,836,0.0038258620353089487,-0.9922831721870617,1.0406607382242803,Bad,FYE,Simple (VW),SUE
-9,-0.0707353038277512,0.1391954294455989,836,0.004814174592578523,-14.693132221834237,0.9670492847243739,Bad,FYE,Simple (VW),SUE
-8,-0.02049478708133971,0.11554968733989472,836,0.003996369501410391,-5.128351388455629,0.947229815536786,Bad,FYE,Simple (VW),SUE
-7,-0.031043220095693776,0.1387531595244021,836,0.004798878367507286,-6.468849118136488,0.9178247518918741,Bad,FYE,Simple (VW),SUE
-6,0.015975770334928224,0.12212866711091919,836,0.004223908274665389,3.7822247302928944,0.932487709335811,Bad,FYE,Simple (VW),SUE
-5,0.036285192583732064,0.1272578098841018,836,0.004401303386837616,8.244192548108655,0.9663232054510241,Bad,FYE,Simple (VW),SUE
-4,-0.03437225358851675,0.11506155787505665,836,0.003979487190857006,-8.637357513673635,0.9331084991847931,Bad,FYE,Simple (VW),SUE
-3,-0.007252311004784686,0.09881266285529731,836,0.0034175074055065586,-2.122105424877555,0.9263413061474971,Bad,FYE,Simple (VW),SUE
-2,-0.041328236842105265,0.1152096615551579,836,0.003984609463740897,-10.371966743085734,0.8880572532504082,Bad,FYE,Simple (VW),SUE
-1,0.0009197631578947406,0.1464565347343509,836,0.0050653051701727335,0.18158099601003416,0.8888740555940491,Bad,FYE,Simple (VW),SUE
0,0.07362451674641149,0.13790064221701218,836,0.004769393439896397,15.43687214615928,0.9543169783855839,Bad,FYE,Simple (VW),SUE
1,-0.046708844497607656,0.13163337767933023,836,0.004552635563416921,-10.259737210889542,0.9097419350407449,Bad,FYE,Simple (VW),SUE
2,-0.04078262679425838,0.12879890515236284,836,0.004454603281200203,-9.155164718342848,0.8726402692248917,Bad,FYE,Simple (VW),SUE
3,-0.00563989555822329,0.11838736839697654,833,0.004101879198652474,-1.374954084478177,0.8677186692465635,Bad,FYE,Simple (VW),SUE
4,-0.026695780458383597,0.10831515916555927,829,0.0037619409731516266,-7.096278396951767,0.8445542421527166,Bad,FYE,Simple (VW),SUE
5,-0.0034856189320388335,0.13269638242698323,824,0.004622697525697264,-0.7540227135049423,0.8416104478971352,Bad,FYE,Simple (VW),SUE
6,-0.04538527527405603,0.10841410151702434,821,0.0037836782314954963,-11.995014506325377,0.8034137260458022,Bad,FYE,Simple (VW),SUE
-12,0.021259567216981128,0.10864577190539323,848,0.0037309111248913624,5.698223974070186,1.0,Good,FYE,Simple (VW),TSUE
-11,0.04205363561320755,0.12104654109702684,848,0.004156755287281442,10.116938021798015,1.0420536356132075,Good,FYE,Simple (VW),TSUE
-10,0.013212709905660378,0.10421734606336852,848,0.0035788383571249967,3.6918990429829304,1.0558219880067037,Good,FYE,Simple (VW),TSUE
-9,-0.03879262382075471,0.11602553728010459,848,0.003984333308311203,-9.736289817881058,1.0148638828042782,Good,FYE,Simple (VW),TSUE
-8,-0.00749842570754717,0.09587075296546115,848,0.0032922151733802986,-2.2776232149638393,1.0072540013757973,Good,FYE,Simple (VW),TSUE
-7,-0.011054235849056602,0.1257445254435962,848,0.004318084732098163,-2.5599858582870683,0.9961195780846831,Good,FYE,Simple (VW),TSUE
-6,0.01824876768867924,0.098734230988805,848,0.003390547412415596,5.382248194452442,1.014297532855296,Good,FYE,Simple (VW),TSUE
-5,0.01734383490566038,0.104309342727902,848,0.003581997535555426,4.841944957667604,1.0318893418103565,Good,FYE,Simple (VW),TSUE
-4,-0.01125007900943396,0.1079258035567562,848,0.003706187310292865,-3.035485815352644,1.020280505185997,Good,FYE,Simple (VW),TSUE
-3,-0.002465327830188676,0.08509681380155742,848,0.002922236583504628,-0.8436441608132963,1.017765179261963,Good,FYE,Simple (VW),TSUE
-2,-0.022748055489964582,0.10146892390999315,847,0.003486513486586722,-6.524585542973134,0.9946130004883581,Good,FYE,Simple (VW),TSUE
-1,0.010363429245283023,0.1262350633875368,848,0.00433492987425264,2.390679790885826,1.0049206019453578,Good,FYE,Simple (VW),TSUE
0,0.03620668278301887,0.10580328135219712,848,0.0036332995985399025,9.965234575637275,1.0413054434021138,Good,FYE,Simple (VW),TSUE
1,-0.0253580554245283,0.10092080619861553,848,0.003465634713399545,-7.317001796664779,1.01489996225446,Good,FYE,Simple (VW),TSUE
2,-0.0020639009433962227,0.12024745858496827,848,0.004129314681156967,-0.4998168225866359,1.0128053092649103,Good,FYE,Simple (VW),TSUE
3,0.009337475177304965,0.10162975608999764,846,0.0034941029894440855,2.672352591069608,1.022262353699614,Good,FYE,Simple (VW),TSUE
4,-0.005464773696682467,0.09764618799400274,844,0.0033611204035283184,-1.6258785882665345,1.0166759212780079,Good,FYE,Simple (VW),TSUE
5,-0.009431267857142855,0.11584407155562555,840,0.003997000201726423,-2.359586535189368,1.0070873783405276,Good,FYE,Simple (VW),TSUE
6,-0.04087591418355185,0.08795300241762215,839,0.003036474854210942,-13.461634344465486,0.965921761088142,Good,FYE,Simple (VW),TSUE
-12,0.0015264163461538441,0.08832832459748663,1040,0.002738945074539677,0.5573008237160004,1.0,Bad,FYE,Simple (VW),TSUE
-11,0.027062915384615388,0.1126484514296924,1040,0.0034930801937418095,7.747579180432563,1.0270629153846154,Bad,FYE,Simple (VW),TSUE
-10,-0.007657600961538462,0.08775975167503008,1040,0.0027213143766568,-2.8139347027394934,1.0191980774162057,Bad,FYE,Simple (VW),TSUE
-9,-0.08076549807692307,0.1157831565661748,1040,0.003590283273646565,-22.495578181743713,0.9368820370546435,Bad,FYE,Simple (VW),TSUE
-8,-0.02541925673076923,0.09922157225296706,1040,0.003076730344980185,-8.261775937641666,0.9130671920283053,Bad,FYE,Simple (VW),TSUE
-7,-0.04249647403846153,0.11438372360219892,1040,0.003546888699581031,-11.981338473767542,0.8742650558069035,Bad,FYE,Simple (VW),TSUE
-6,0.015065488461538457,0.10183297310010164,1040,0.003157706447725278,4.771022484497002,0.8874362859174887,Bad,FYE,Simple (VW),TSUE
-5,0.031722190384615385,0.1134688068465611,1040,0.0035185183353418415,9.015780894469438,0.9155877087335793,Bad,FYE,Simple (VW),TSUE
-4,-0.027149083653846152,0.1031204034332512,1040,0.0031976279676438533,-8.490382223498857,0.8907303414367379,Bad,FYE,Simple (VW),TSUE
-3,-0.00832631442307692,0.08556545737246532,1040,0.0026532721987994915,-3.1381305042295593,0.883313840547761,Bad,FYE,Simple (VW),TSUE
-2,-0.0391193826923077,0.09440364038268376,1040,0.0029273326197803155,-13.363490854429603,0.8487591483819611,Bad,FYE,Simple (VW),TSUE
-1,0.006721777884615389,0.12581579919267885,1040,0.0039013823149982676,1.7229221188537565,0.8544643188549199,Bad,FYE,Simple (VW),TSUE
0,0.0760908201923077,0.11831708411744778,1040,0.0036688570314691716,20.739652578350157,0.9194812097016523,Bad,FYE,Simple (VW),TSUE
1,-0.04558132307692308,0.09793486766696799,1040,0.003036831329525407,-15.009501065719867,0.8775700396190811,Bad,FYE,Simple (VW),TSUE
2,-0.03311821442307692,0.11860205435622129,1040,0.0036776935834521955,-9.005158714715257,0.8485064868757083,Bad,FYE,Simple (VW),TSUE
3,0.008371002892960463,0.08750351855736932,1037,0.0027172909249826623,3.0806428623441837,0.8556093371320405,Bad,FYE,Simple (VW),TSUE
4,-0.023264780038759692,0.0859396620903682,1032,0.002675184830281686,-8.696513143845095,0.8357037741045547,Bad,FYE,Simple (VW),TSUE
5,-0.0005688343079922006,0.11409814781582898,1026,0.003562090212401876,-0.1596911571783698,0.8352283971265255,Bad,FYE,Simple (VW),TSUE
6,-0.04568059356725146,0.08115934828761118,1026,0.0025337564694464564,-18.028801946080947,0.7970746681815618,Bad,FYE,Simple (VW),TSUE
-12,-0.005843732739889405,0.0962415551878448,1342,0.0026271590999867238,-2.2243543377022488,1.0,Good,FYE,MM (EW),SUE
-11,-0.03560162292054209,0.08847483591873694,1342,0.0024151466572840522,-14.740977659956194,0.9643983770794579,Good,FYE,MM (EW),SUE
-10,0.010040332703960613,0.10152852560565408,1342,0.0027714804632211214,3.6227326287161885,0.9740812576444953,Good,FYE,MM (EW),SUE
-9,-0.00251096492561816,0.11685840861696949,1342,0.003189948780532724,-0.7871489789873136,0.9716353737718478,Good,FYE,MM (EW),SUE
-8,-0.007413485642952274,0.09988252501551453,1342,0.002726548672369151,-2.7189999276669994,0.9644321688782057,Good,FYE,MM (EW),SUE
-7,-0.009606843062114965,0.13582586753046313,1342,0.0037077140243606073,-2.591042081184149,0.9551670203877376,Good,FYE,MM (EW),SUE
-6,0.014535357808671058,0.09749740903306194,1342,0.002661440838797738,5.461461925727857,0.9690507147961156,Good,FYE,MM (EW),SUE
-5,-0.0012603733149188635,0.10980376923674794,1342,0.0029973743774206834,-0.4204924564690003,0.9678293491343835,Good,FYE,MM (EW),SUE
-4,0.008699385139641351,0.11158386079706159,1342,0.00304596652384184,2.856034388936397,0.9762488693919519,Good,FYE,MM (EW),SUE
-3,-0.0039837656405094955,0.08871233124117307,1342,0.0024216296987968847,-1.645076306459535,0.9723597226894819,Good,FYE,MM (EW),SUE
-2,-0.00737167002629398,0.09576438356111303,1341,0.0026151079954030883,-2.8188778586781553,0.9651918076669563,Good,FYE,MM (EW),SUE
-1,0.015557877128935055,0.13907731055357409,1342,0.0037964704675579543,4.097984499519239,0.9802081432164935,Good,FYE,MM (EW),SUE
0,0.01142119724404906,0.12193772276388351,1342,0.0033286016353905996,3.431229836161762,0.991403293760392,Good,FYE,MM (EW),SUE
1,-0.00898427206657094,0.10083010483211186,1342,0.002752415284076313,-3.2641411775861373,0.9824962568415542,Good,FYE,MM (EW),SUE
2,0.00228063864874438,0.13592090829651993,1342,0.00371030840485382,0.6146763017761143,0.9847369757771537,Good,FYE,MM (EW),SUE
3,0.0006489555488582421,0.10334042840919208,1340,0.0028230453736943074,0.22987783154508873,0.9853760263017501,Good,FYE,MM (EW),SUE
4,-0.011855088918450088,0.09824356637721295,1336,0.002687824389907833,-4.410663495339666,0.9736943058918339,Good,FYE,MM (EW),SUE
5,-0.020210984649447376,0.131650462154594,1330,0.003609911604682682,-5.598747798486317,0.9540149852221997,Good,FYE,MM (EW),SUE
6,-0.006760062418482664,0.08731141536661909,1328,0.0023959182240923557,-2.8214912973682877,0.9475657843739298,Good,FYE,MM (EW),SUE
-12,-0.007240036107039601,0.11298206935973572,836,0.0039075665766824625,-1.8528247606177493,1.0,Bad,FYE,MM (EW),SUE
-11,-0.03368434650009719,0.10007897312528732,836,0.003461303661981271,-9.73169354370257,0.9663156534999028,Bad,FYE,MM (EW),SUE
-10,0.0026275764761397734,0.1078592516225276,836,0.003730390220453636,0.7043704065416099,0.9688547217795648,Bad,FYE,MM (EW),SUE
-9,-0.014280077259919208,0.1363227618690122,836,0.004714821306948317,-3.0287631980610596,0.9550194014989151,Bad,FYE,MM (EW),SUE
-8,-0.009309968858903405,0.11332399607311214,836,0.003919392359343695,-2.375360261319274,0.9461282006113115,Bad,FYE,MM (EW),SUE
-7,-0.028957883416099738,0.13974055183522663,836,0.00483302804465266,-5.991664676587012,0.9187303304813249,Bad,FYE,MM (EW),SUE
-6,0.014731569641860098,0.11155377797470992,836,0.0038581680862005796,3.818280933521316,0.9322646703268997,Bad,FYE,MM (EW),SUE
-5,0.014914334979040928,0.1244252241027819,836,0.004303336359083598,3.465760920026469,0.9461687779092802,Bad,FYE,MM (EW),SUE
-4,-0.004558953022083414,0.10442761152874803,836,0.003611704466071133,-1.262271889882151,0.9418552388998297,Bad,FYE,MM (EW),SUE
-3,-0.0009711641367537497,0.10071151582259469,836,0.003483180608618289,-0.27881532595548986,0.9409405428697966,Bad,FYE,MM (EW),SUE
-2,-0.010420570406374443,0.11329481870407801,836,0.003918383238934772,-2.6594056198564475,0.9311354056946096,Bad,FYE,MM (EW),SUE
-1,-0.005413117567657733,0.15301790630315074,836,0.005292234951019658,-1.0228415060474185,0.9260950602721761,Bad,FYE,MM (EW),SUE
0,0.02481969971519359,0.14932364429065434,836,0.00516446622765192,4.805859622491544,0.9490804615758556,Bad,FYE,MM (EW),SUE
1,-0.019386025079643984,0.13020582188817081,836,0.004503262513980884,-4.3048845186035445,0.9306815639451459,Bad,FYE,MM (EW),SUE
2,-0.045014650555861686,0.13321389628628458,836,0.0046072989424589105,-9.77029081855874,0.8887872585653722,Bad,FYE,MM (EW),SUE
3,-0.012514757315998246,0.1193673862582559,833,0.004135834805014211,-3.0259325882227164,0.8776643017188752,Bad,FYE,MM (EW),SUE
4,-0.021416985687917566,0.10775752346726154,829,0.0037425734848177752,-5.722529103248951,0.8588673779301659,Bad,FYE,MM (EW),SUE
5,-0.01196752482410106,0.13757431795664526,824,0.004792628461952344,-2.4970691801187366,0.8485888612641761,Bad,FYE,MM (EW),SUE
6,-0.006300839133816677,0.10995790070075115,821,0.0038375571945042926,-1.6418880069957038,0.8432420393586019,Bad,FYE,MM (EW),SUE
-12,-0.001379174901385939,0.10169254006073009,848,0.003492136163029134,-0.3949373211695219,1.0,Good,FYE,MM (EW),TSUE
-11,-0.03500394465396281,0.08734975037433021,848,0.002999602743048802,-11.669526818202845,0.9649960553460372,Good,FYE,MM (EW),TSUE
-10,0.010411158038525818,0.10011630701840082,848,0.003438008098126908,3.0282529131324663,0.9750427817847986,Good,FYE,MM (EW),TSUE
-9,0.008355299685557866,0.11553872544470581,848,0.003967616121249384,2.105874013569342,0.9831895564328506,Good,FYE,MM (EW),TSUE
-8,-0.0038691104328394416,0.09455086646551682,848,0.003246890084885145,-1.1916357904601833,0.9793854874625975,Good,FYE,MM (EW),TSUE
-7,-0.016476324158749334,0.12686229772925176,848,0.004356469189979128,-3.7820361949646366,0.963248814694789,Good,FYE,MM (EW),TSUE
-6,0.013475560669838056,0.0878387422340039,848,0.003016394792451576,4.467439309854328,0.9762291325373582,Good,FYE,MM (EW),TSUE
-5,-0.00815959530901603,0.10212561284315645,848,0.0035070079434353623,-2.326654356255358,0.9682634978869816,Good,FYE,MM (EW),TSUE
-4,0.008219974560752647,0.09938675232220588,848,0.0034129550870017197,2.4084625643210247,0.9762225992077181,Good,FYE,MM (EW),TSUE
-3,-0.006715398520991649,0.08410807275952066,848,0.002888283076721282,-2.325048598981104,0.9696668754088399,Good,FYE,MM (EW),TSUE
-2,-0.002755316346067203,0.0987218690075734,847,0.0033921235630848586,-0.8122688619165359,0.966995136416786,Good,FYE,MM (EW),TSUE
-1,0.0022916362072619443,0.1333222481217063,848,0.004578304797226156,0.5005425171016074,0.9692111374836451,Good,FYE,MM (EW),TSUE
0,-0.014104432179527332,0.10860770647602863,848,0.0037296039526802448,-3.781750651940219,0.9555409647273645,Good,FYE,MM (EW),TSUE
1,-0.006605689279134882,0.09884944021745096,848,0.0033945037135703214,-1.94599559656603,0.9492289580208907,Good,FYE,MM (EW),TSUE
2,-0.010554134998837469,0.12319894934853422,848,0.004230669290100159,-2.4946726570035462,0.9392106674531324,Good,FYE,MM (EW),TSUE
3,-0.0027696216073073796,0.102511660183779,846,0.0035244234767603756,-0.7858367831135876,0.9366094092947406,Good,FYE,MM (EW),TSUE
4,-0.010452448880733644,0.09582473835686099,844,0.0032984235213953223,-3.168922611948867,0.9268195473228732,Good,FYE,MM (EW),TSUE
5,-0.022073945446607356,0.11754323834190245,840,0.004055627025665829,-5.442794740964472,0.9063609831964188,Good,FYE,MM (EW),TSUE
6,-0.00996451548245144,0.08963726296990132,839,0.003094621985910342,-3.2199459345339676,0.8973295351466681,Good,FYE,MM (EW),TSUE
-12,-0.012557885110666139,0.0845145250822484,1040,0.00262068417187742,-4.791834607704694,1.0,Bad,FYE,MM (EW),TSUE
-11,-0.04530531667548376,0.08136626043833095,1040,0.002523060629496198,-17.956491471443663,0.9546946833245162,Bad,FYE,MM (EW),TSUE
-10,-0.0021706624687363755,0.08487327733494472,1040,0.002631808606989038,-0.8247797590493315,0.9526223634063214,Bad,FYE,MM (EW),TSUE
-9,-0.025300975823147994,0.1133309562880465,1040,0.0035142437709822583,-7.199550592381409,0.9285200880211881,Bad,FYE,MM (EW),TSUE
-8,-0.014075035792644176,0.09696587755151719,1040,0.0030067842215780304,-4.681092740754529,0.9154511345481009,Bad,FYE,MM (EW),TSUE
-7,-0.040220170084217695,0.11405261014144162,1040,0.0035366213070250445,-11.372484242043525,0.8786315342127862,Bad,FYE,MM (EW),TSUE
-6,0.016624201027229585,0.08877039484147138,1040,0.0027526530908852857,6.0393374967141416,0.8932380814664026,Bad,FYE,MM (EW),TSUE
-5,0.012757987458195244,0.11327099508795692,1040,0.003512384453097568,3.632286735281495,0.9046340017069335,Bad,FYE,MM (EW),TSUE
-4,0.000993385686576825,0.09516664287006328,1040,0.002950992322533572,0.33662767571145513,0.90553265217582,Bad,FYE,MM (EW),TSUE
-3,-0.0038394068478299777,0.08424942535600054,1040,0.002612463778331214,-1.4696497917695566,0.9020559439101224,Bad,FYE,MM (EW),TSUE
-2,-0.010237542421306986,0.08827914863775496,1040,0.002737420192761305,-3.739850552859449,0.8928211079179504,Bad,FYE,MM (EW),TSUE
-1,0.004367058491160797,0.12810072916610404,1040,0.003972234985700447,1.0993958078718065,0.8967201099183711,Bad,FYE,MM (EW),TSUE
0,0.03141688250756802,0.12547002483747752,1040,0.0038906603074044793,8.074948729853704,0.9248922602538502,Bad,FYE,MM (EW),TSUE
1,-0.018765444948076686,0.09412535057997433,1040,0.0029187032193258287,-6.429377548160305,0.9075362454611543,Bad,FYE,MM (EW),TSUE
2,-0.03502606825010938,0.11932699831622091,1040,0.0037001731413698466,-9.466061968425166,0.875748818988184,Bad,FYE,MM (EW),TSUE
3,0.0031410255894897127,0.09030741792871214,1037,0.002804361827295227,1.1200500445119785,0.8784995684385912,Bad,FYE,MM (EW),TSUE
4,-0.019716542654362266,0.08246341914418409,1032,0.002566974113951121,-7.6808498173806266,0.8611785942256328,Bad,FYE,MM (EW),TSUE
5,-0.0068886917022907,0.11796087313600845,1026,0.0036826826700324575,-1.8705634776373459,0.8552462003894004,Bad,FYE,MM (EW),TSUE
6,-0.0069978810150399095,0.08127950165953916,1026,0.002537507600891838,-2.7577773609743743,0.8492612892405104,Bad,FYE,MM (EW),TSUE
-12,0.012421628046716026,0.0943137572201102,1342,0.0025745349298558,4.824804628854565,1.0,Good,FYE,MM (VW),SUE
-11,0.036129043994205336,0.11277634331531652,1342,0.0030785183803999955,11.735854566998247,1.0361290439942052,Good,FYE,MM (VW),SUE
-10,0.006763324287538598,0.10095753473743559,1342,0.002755893808864574,2.4541309486540346,1.0431367207224755,Good,FYE,MM (VW),SUE
-9,-0.05917584903870595,0.11842847358670369,1342,0.003232807714646546,-18.304784652240244,0.9814082196102716,Good,FYE,MM (VW),SUE
-8,-0.01827147726739647,0.10021615378984736,1342,0.002735655922026486,-6.679011464958483,0.9634764416356265,Good,FYE,MM (VW),SUE
-7,-0.010804350870237489,0.13572706671240511,1342,0.0037050170036428865,-2.9161406977658455,0.9530667041049874,Good,FYE,MM (VW),SUE
-6,0.010969080903508276,0.09732735286840917,1342,0.00265679872137139,4.128683447215091,0.9635209698887551,Good,FYE,MM (VW),SUE
-5,0.017598968670823577,0.11316789417352947,1342,0.003089206761300055,5.696921582360278,0.9804779452515088,Good,FYE,MM (VW),SUE
-4,-0.017927166835852278,0.11325236917403404,1342,0.003091512722232043,-5.7988332724405005,0.9629007535481114,Good,FYE,MM (VW),SUE
-3,-0.005161869042099804,0.0882038204697312,1342,0.002407748598288614,-2.1438571476144856,0.9579303859577569,Good,FYE,MM (VW),SUE
-2,-0.034356767577298594,0.09605107396729903,1341,0.0026229368598048933,-13.098587352138631,0.9250189943321743,Good,FYE,MM (VW),SUE
-1,0.014765961950611504,0.14197087541412243,1342,0.0038754577121006472,3.8101207773488475,0.9386777896060761,Good,FYE,MM (VW),SUE
0,0.055707466169572395,0.12386266778904065,1342,0.0033811479271659683,16.475903264092214,0.9909691508146857,Good,FYE,MM (VW),SUE
1,-0.035589520925350795,0.10150927539259945,1342,0.0027709549794807096,-12.843774506946499,0.9557010334853893,Good,FYE,MM (VW),SUE
2,0.002996792461903549,0.1367729387731431,1342,0.0037335667532435316,0.802662081587289,0.9585650711383719,Good,FYE,MM (VW),SUE
3,0.0056295609792546,0.10276022133091053,1340,0.0028071953241702073,2.0054040881243878,0.9639613716589287,Good,FYE,MM (VW),SUE
4,-0.012290011174673566,0.09781634752091556,1336,0.002676136202028174,-4.592446066593802,0.952114275629287,Good,FYE,MM (VW),SUE
5,-0.014750687100620316,0.13076101594974063,1330,0.00358552261185962,-4.113957349433621,0.9380699358654455,Good,FYE,MM (VW),SUE
6,-0.04632416722831833,0.08965747009900328,1328,0.002460296464491221,-18.82869316641398,0.8946146272845568,Good,FYE,MM (VW),SUE
-12,0.00882143498533139,0.11033342528845998,836,0.0038159613059957345,2.31172023979146,1.0,Bad,FYE,MM (VW),SUE
-11,0.042364959281397885,0.12280323970060111,836,0.004247238855525918,9.974706090823801,1.042364959281398,Bad,FYE,MM (VW),SUE
-10,-0.0018044701514289272,0.1074276940835812,836,0.0037154644908696526,-0.4856647549352753,1.0404840428254791,Bad,FYE,MM (VW),SUE
-9,-0.07088651338072788,0.1360328134641291,836,0.00470479323167669,-15.066871143977014,0.9667277568012971,Bad,FYE,MM (VW),SUE
-8,-0.019985916645248247,0.11380760207717107,836,0.003936118222734698,-5.0775702136717396,0.9474068164352184,Bad,FYE,MM (VW),SUE
-7,-0.030169881825381974,0.13966544757643684,836,0.004830430509547518,-6.24579564197231,0.9188236647428066,Bad,FYE,MM (VW),SUE
-6,0.013962856616176548,0.11066858247729877,836,0.003827552959755159,3.6479852174454885,0.9316530678291602,Bad,FYE,MM (VW),SUE
-5,0.03561963727728623,0.12842033846431886,836,0.004441510278517308,8.019712900265311,0.9648382121735057,Bad,FYE,MM (VW),SUE
-4,-0.03255926892799681,0.1067414195387082,836,0.003691729189426064,-8.819517157773602,0.933423785351341,Bad,FYE,MM (VW),SUE
-3,-0.004258685076252729,0.1003521976526762,836,0.003470753329855163,-1.2270203818922638,0.929448627406846,Bad,FYE,MM (VW),SUE
-2,-0.0391512692465155,0.11203768291634845,836,0.003874904288563962,-10.103802915097276,0.8930595339444363,Bad,FYE,MM (VW),SUE
-1,-0.002233545199376557,0.15529750166143827,836,0.00537107640507413,-0.4158468491095185,0.8910648451096371,Bad,FYE,MM (VW),SUE
0,0.07216610724713945,0.1479815779233875,836,0.005118049891766587,14.10031335631041,0.9553695262859748,Bad,FYE,MM (VW),SUE
1,-0.04613759839806411,0.13184033913997645,836,0.004559793475206513,-10.118352651042937,0.9112910707604439,Bad,FYE,MM (VW),SUE
2,-0.0421079094358447,0.13431970844280358,836,0.0046455442556080665,-9.064149886208133,0.8729185088831691,Bad,FYE,MM (VW),SUE
3,-0.006082650019597308,0.11905576855941728,833,0.004125037891677038,-1.4745682777532987,0.8676088510980041,Bad,FYE,MM (VW),SUE
4,-0.02370846291669089,0.1078117747338608,829,0.0037444577091889286,-6.331614550889475,0.8470391788255542,Bad,FYE,MM (VW),SUE
5,-0.004409719285448408,0.13741334533980623,824,0.00478702071512491,-0.9211824113306231,0.8433039738231568,Bad,FYE,MM (VW),SUE
6,-0.045534175083507426,0.1113848626042557,821,0.003887358508317844,-11.713397410112089,0.8049048230304756,Bad,FYE,MM (VW),SUE
-12,0.017041587627538848,0.09991075224987882,848,0.0034309493183952763,4.967018176622189,1.0,Good,FYE,MM (VW),TSUE
-11,0.03259190952178516,0.10866383431962708,848,0.003731531390742721,8.734191437499362,1.0325919095217853,Good,FYE,MM (VW),TSUE
-10,0.007674918081546476,0.09988872370543464,848,0.003430192855073321,2.237459643178699,1.0405169678390327,Good,FYE,MM (VW),TSUE
-9,-0.04630749063102735,0.1163857386939665,848,0.003996702675646999,-11.586423707020174,0.9923332380994017,Good,FYE,MM (VW),TSUE
-8,-0.014404342360613515,0.09462618183912105,848,0.003249476425433216,-4.4328194683527045,0.9780393304020017,Good,FYE,MM (VW),TSUE
-7,-0.017623916366168522,0.12677145652475763,848,0.004353349690209355,-4.048357614322725,0.9608024470401734,Good,FYE,MM (VW),TSUE
-6,0.009016404418590052,0.08798188123009647,848,0.003021310205758157,2.9842696726096376,0.9694654304690585,Good,FYE,MM (VW),TSUE
-5,0.00935446359196295,0.1053555126251037,848,0.0036179231573218677,2.5855893520103117,0.978534259542048,Good,FYE,MM (VW),TSUE
-4,-0.016952898196840444,0.10099091531429863,848,0.0034680422703165887,-4.888319367368281,0.961945267857911,Good,FYE,MM (VW),TSUE
-3,-0.007078958286430742,0.0839186149271908,848,0.0028817770680479504,-2.4564559017835013,0.9551356974329154,Good,FYE,MM (VW),TSUE
-2,-0.028134698302120537,0.09907010692798178,847,0.0034040891596365842,-8.26497103416767,0.9282632427480547,Good,FYE,MM (VW),TSUE
-1,7.900636741190528e-05,0.13480285870524064,848,0.004629149173411825,0.017067146564575964,0.9283365814548662,Good,FYE,MM (VW),TSUE
0,0.027485871805403163,0.10908148776259714,848,0.003745873668858091,7.337639823230365,0.9538527217250009,Good,FYE,MM (VW),TSUE
1,-0.03220642803642683,0.10000892605998844,848,0.003434320620875689,-9.377816340343546,0.9231325326854148,Good,FYE,MM (VW),TSUE
2,-0.010661897076964716,0.12397476283735787,848,0.004257310834686113,-2.5043736506382688,0.9132901886335251,Good,FYE,MM (VW),TSUE
3,0.0014531831510869431,0.10244065073160746,846,0.0035219821215052116,0.4126037841628472,0.9146173665477002,Good,FYE,MM (VW),TSUE
4,-0.01011672146396489,0.09589137564853023,844,0.0033007172715689504,-3.06500697624309,0.905364437404232,Good,FYE,MM (VW),TSUE
5,-0.01765982289254453,0.11728855386975467,840,0.004046839576529405,-4.363855437948866,0.8893758617864651,Good,FYE,MM (VW),TSUE
6,-0.04827737890015034,0.0916782881046608,839,0.003165085998828086,-15.253101785552008,0.8464391263223521,Good,FYE,MM (VW),TSUE
-12,0.004969356760575727,0.08278853156278566,1040,0.002567163384855107,1.9357384067926016,1.0,Bad,FYE,MM (VW),TSUE
-11,0.025322985885003032,0.10095925788214169,1040,0.0031306136889337243,8.08882487625867,1.025322985885003,Bad,FYE,MM (VW),TSUE
-10,-0.005519150594579931,0.08428945829930355,1040,0.0026137051472055676,-2.1116194382066045,1.0196640739178193,Bad,FYE,MM (VW),TSUE
-9,-0.08058117010312034,0.11292017701159102,1040,0.0035015060463497827,-23.013288863837275,0.9374983497294068,Bad,FYE,MM (VW),TSUE
-8,-0.024633048126821797,0.09738372472951139,1040,0.0030197411125333705,-8.157337734874973,0.9144049077617064,Bad,FYE,MM (VW),TSUE
-7,-0.04137793278792425,0.11398416217510794,1040,0.003534498825690702,-11.70687410819504,0.8765687229473944,Bad,FYE,MM (VW),TSUE
-6,0.01355225902563761,0.08873491378350637,1040,0.002751552869983377,4.925312965445394,0.8884482093345499,Bad,FYE,MM (VW),TSUE
-5,0.031437522552853245,0.11619635175603238,1040,0.003603095912573446,8.725141743562293,0.9163788199525468,Bad,FYE,MM (VW),TSUE
-4,-0.02517374478662899,0.09637599896624323,1040,0.0029884928631369522,-8.423558609474037,0.8933101334111891,Bad,FYE,MM (VW),TSUE
-3,-0.005274431618557389,0.0831561991753913,1040,0.0025785642735417537,-2.045491622092771,0.8885984301983474,Bad,FYE,MM (VW),TSUE
-2,-0.03681215332401501,0.08905021175107924,1040,0.0027613298449144816,-13.331313313334027,0.8558872085424069,Bad,FYE,MM (VW),TSUE
-1,0.0041687025891016475,0.1311070443786676,1040,0.004065456863070903,1.0253958483654297,0.8594551477646366,Bad,FYE,MM (VW),TSUE
0,0.07508320424956767,0.12744336086300725,1040,0.003951850859949956,18.999503501131237,0.9239857941675912,Bad,FYE,MM (VW),TSUE
1,-0.04473823848181398,0.09576565938166068,1040,0.002969567036041206,-15.065576206508371,0.8826482973543132,Bad,FYE,MM (VW),TSUE
2,-0.03400444132460971,0.11899904040620457,1040,0.0036900035982885193,-9.215286765677273,0.8526343351166618,Bad,FYE,MM (VW),TSUE
3,0.008221379625473563,0.08990585170843668,1037,0.002791891788785648,2.9447343405273982,0.859644165667369,Bad,FYE,MM (VW),TSUE
4,-0.020389662449711757,0.0828777841884587,1032,0.002579872734374795,-7.903359796797488,0.8421163113025473,Bad,FYE,MM (VW),TSUE
5,-0.001240960111907151,0.1177314047033294,1026,0.0036755187740906883,-0.337628560260629,0.8410712785506345,Bad,FYE,MM (VW),TSUE
6,-0.045503634096224176,0.08506984490579876,1026,0.002655840324407546,-17.13342239668529,0.8027994788426229,Bad,FYE,MM (VW),TSUE
-12,0.01463920274831282,0.09342732841344034,1342,0.0025503375911761854,5.740103897994694,1.0,Good,FYE,FFC,SUE
-11,0.009625280726867965,0.05674169786478153,1342,0.0015489095911137704,6.214230179791668,1.009625280726868,Good,FYE,FFC,SUE
-10,-0.0031892511931118053,0.09741168945557292,1342,0.0026591009039576606,-1.199372008924181,1.006405332095714,Good,FYE,FFC,SUE
-9,-0.006030900790694573,0.07421862730511482,1342,0.002025987025381961,-2.976771674812459,1.000335801382619,Good,FYE,FFC,SUE
-8,0.004525161760762663,0.09860266674774754,1342,0.0026916116715248214,1.6812089978043225,1.0048624826989574,Good,FYE,FFC,SUE
-7,-0.009623472410858662,0.11260845310031266,1342,0.003073935388102279,-3.1306684090064096,0.9951922163199969,Good,FYE,FFC,SUE
-6,0.00285593513009781,0.09697933311581654,1342,0.002647298633200388,1.0788110922888952,0.998034420731785,Good,FYE,FFC,SUE
-5,-0.007002235248762116,0.10106105584003049,1342,0.0027587196818067974,-2.5382191945562473,0.9910459489314591,Good,FYE,FFC,SUE
-4,0.0037403858920355836,0.10937545324300009,1342,0.0029856823982288647,1.2527742047360484,0.9947528432172013,Good,FYE,FFC,SUE
-3,0.0028718602831973848,0.09247197846663764,1342,0.0025242588739161015,1.1377043427966718,0.9976096343992346,Good,FYE,FFC,SUE
-2,-0.01423625150934419,0.09992988727935252,1341,0.00272885844910384,-5.216925602725708,0.9834074127357821,Good,FYE,FFC,SUE
-1,0.020166853162066924,0.15853023766204474,1342,0.004327487805906739,4.660175618413177,1.0032396456269126,Good,FYE,FFC,SUE
0,0.0039039665137075067,0.129105369725466,1342,0.0035242608691161983,1.1077405046597841,1.007156259608664,Good,FYE,FFC,SUE
1,0.0026934207428602527,0.11988152308784455,1342,0.003272472412626567,0.8230537658523596,1.0098689551695954,Good,FYE,FFC,SUE
2,0.016438734449072647,0.14373919439320745,1342,0.003923728495843855,4.189569810063338,1.026469922751991,Good,FYE,FFC,SUE
3,0.013444752356114068,0.1050346420383956,1340,0.0028693277630902026,4.685680224149215,1.0402705566643908,Good,FYE,FFC,SUE
4,-0.002043033630394883,0.09933507587780183,1336,0.0027176867612129876,-0.7517546391119093,1.0381452489324157,Good,FYE,FFC,SUE
5,-0.01264564728724467,0.13178960942043955,1330,0.0036137270818296274,-3.4993365577685487,1.0250172302814875,Good,FYE,FFC,SUE
6,-0.022171998209611774,0.096224963040156,1328,0.002640515465159507,-8.396844669975232,1.002290550086865,Good,FYE,FFC,SUE
-12,0.012147159752023181,0.1092337811095025,836,0.003777929316811184,3.215295664206912,1.0,Bad,FYE,FFC,SUE
-11,0.004990699496013751,0.06330386864667904,836,0.0021894100780793,2.2794722404822094,1.0049906994960138,Bad,FYE,FFC,SUE
-10,-0.01247415101368925,0.10615441468531804,836,0.003671427202053586,-3.3976299480245515,0.9924542937431475,Bad,FYE,FFC,SUE
-9,-0.0013855591791550588,0.08936022554981041,836,0.0030905880253569305,-0.44831571461066577,0.9910791895865598,Bad,FYE,FFC,SUE
-8,0.008991411374605943,0.10892599801914439,836,0.0037672844160444785,2.3867089345079555,0.9999903902849436,Bad,FYE,FFC,SUE
-7,-0.02330248293943679,0.116754875464218,836,0.0040380518042740935,-5.77072411868817,0.976688131275728,Bad,FYE,FFC,SUE
-6,0.004153747301920993,0.11027621126310728,836,0.003813982517552112,1.0890839910265107,0.9807450469658329,Bad,FYE,FFC,SUE
-5,0.0025310288178399974,0.11187749703425058,836,0.0038693641439862497,0.654120088897219,0.9832273409426573,Bad,FYE,FFC,SUE
-4,-0.0035066486908142116,0.10242465907414708,836,0.0035424309069069563,-0.9898989657009323,0.979779508074768,Bad,FYE,FFC,SUE
-3,0.004703424241526684,0.10576774510646404,836,0.003658053955032071,1.2857722437517871,0.984387826764398,Bad,FYE,FFC,SUE
-2,-0.013510444569615431,0.11926462038205056,836,0.004124853147288051,-3.275375895138978,0.9710883095958933,Bad,FYE,FFC,SUE
-1,0.0055680655586455305,0.16876259182372963,836,0.005836776286200017,0.9539624761377606,0.9764953929669576,Bad,FYE,FFC,SUE
0,0.004643568020775251,0.1661628202602794,836,0.005746861306540704,0.8080181116412612,0.9810298157461733,Bad,FYE,FFC,SUE
1,0.005308352598107073,0.14546984492395448,836,0.00503117978951271,1.0550910164594234,0.9862374679174101,Bad,FYE,FFC,SUE
2,-0.020287148343457156,0.1433068787568524,836,0.004956372040380836,-4.093144779724473,0.966229522103894,Bad,FYE,FFC,SUE
3,0.0014251783934161872,0.12051931468872194,833,0.004175746759568526,0.34129904792489113,0.9676065715418773,Bad,FYE,FFC,SUE
4,-0.011087422379396845,0.11311623240521979,829,0.003928689139101086,-2.822168409571273,0.9568783087861125,Bad,FYE,FFC,SUE
5,-0.0003392157569075128,0.13974967760485849,824,0.004868410706195742,-0.06967689814579792,0.9565537205863291,Bad,FYE,FFC,SUE
6,-0.01216235875078096,0.12323425965418629,821,0.004300905316775496,-2.827860149197473,0.944919771072164,Bad,FYE,FFC,SUE
-12,0.020275816803412422,0.0992371806949386,848,0.0034078187762336806,5.949793147692332,1.0,Good,FYE,FFC,TSUE
-11,0.011125240994339144,0.05169296932366773,848,0.0017751438546203203,6.267233478223479,1.0111252409943392,Good,FYE,FFC,TSUE
-10,0.0005472364913083318,0.09629354681720351,848,0.003306733973857641,0.16549153806585926,1.0116785656234943,Good,FYE,FFC,TSUE
-9,-0.0052569772376902255,0.0689045786124757,848,0.0023661929442141097,-2.221702693579893,1.0063601944321523,Good,FYE,FFC,TSUE
-8,0.0031724798086351946,0.09279016563750402,848,0.0031864273702149545,0.9956228214362787,1.0095528518292025,Good,FYE,FFC,TSUE
-7,-0.01461802122746393,0.10571949314087972,848,0.0036304222995502,-4.02653466217279,0.9947951868109167,Good,FYE,FFC,TSUE
-6,0.003333754315799465,0.08651871846176867,848,0.0029710649900065995,1.1220738445684624,0.9981115895582842,Good,FYE,FFC,TSUE
-5,-0.010932597252480305,0.09328033898655286,848,0.003203259992129446,-3.4129596971030103,0.9871996375366104,Good,FYE,FFC,TSUE
-4,0.0003266803465355773,0.09696431147064499,848,0.0033297681266260333,0.09810903766040728,0.9875221362563007,Good,FYE,FFC,TSUE
-3,-0.002251280326289181,0.08905225938531247,848,0.003058067142517864,-0.7361775335107869,0.985298947099172,Good,FYE,FFC,TSUE
-2,-0.0138199303745813,0.10101533721860771,847,0.0034709280634254948,-3.981623969740896,0.9716821842521132,Good,FYE,FFC,TSUE
-1,0.006289388426040814,0.15097362538705858,848,0.00518445558113612,1.2131241800826769,0.9777934709355385,Good,FYE,FFC,TSUE
0,-0.012425515920751846,0.12785791598808738,848,0.004390658861356946,-2.829988918089551,0.9656438825952218,Good,FYE,FFC,TSUE
1,-0.0019574741895884862,0.10732873459071367,848,0.003685683877819899,-0.5311020300380027,0.9637536596187076,Good,FYE,FFC,TSUE
2,0.0030320910195190407,0.13235218743470253,848,0.0045449927764683335,0.6671277972580439,0.966675848435066,Good,FYE,FFC,TSUE
3,0.0058645054202161795,0.10740926606864296,846,0.003692806635608735,1.5880889520903534,0.9723449241878055,Good,FYE,FFC,TSUE
4,-0.0035529551570395576,0.09731829241188242,844,0.0033498337721304897,-1.0606362580134485,0.9688902262749912,Good,FYE,FFC,TSUE
5,-0.014398815242691456,0.11856368030434886,840,0.004090835618345428,-3.519773607651137,0.954939354916408,Good,FYE,FFC,TSUE
6,-0.029708689327474374,0.09820877390397775,839,0.003390543406424606,-8.762220613716538,0.9265693582946177,Good,FYE,FFC,TSUE
-12,0.008132535493445505,0.08365139194827956,1040,0.002593919549580676,3.135230425616007,1.0,Bad,FYE,FFC,TSUE
-11,0.00257452412921097,0.05430799175649169,1040,0.001684019335897342,1.5287972497293898,1.002574524129211,Bad,FYE,FFC,TSUE
-10,-0.01195721137042632,0.08199986668298109,1040,0.0025427079250935096,-4.702550085451355,0.9905865286295935,Bad,FYE,FFC,TSUE
-9,-0.00734150996541831,0.07289211397936074,1040,0.0022602885027690855,-3.2480411046750035,0.9833141277580503,Bad,FYE,FFC,TSUE
-8,0.0004985667532746531,0.09412844046287039,1040,0.0029187990325270597,0.17081229221972172,0.9838043754901756,Bad,FYE,FFC,TSUE
-7,-0.023072308314495114,0.095508202783936,1040,0.0029615836458494506,-7.790530700299516,0.961105737617717,Bad,FYE,FFC,TSUE
-6,0.004809870956520195,0.0877692351216486,1040,0.0027216084458528793,1.7672898406269126,0.9657285321912294,Bad,FYE,FFC,TSUE
-5,-0.0022207055315515943,0.10028133171926455,1040,0.003109592091012838,-0.7141468934043627,0.9635839334978151,Bad,FYE,FFC,TSUE
-4,0.0020005497561356067,0.09358639953583686,1040,0.002901991056896787,0.689371440818592,0.9655116311009904,Bad,FYE,FFC,TSUE
-3,0.002534320727108425,0.08613885584438583,1040,0.002671052530619121,0.9488097662089024,0.9679585472399539,Bad,FYE,FFC,TSUE
-2,-0.014121145335667855,0.09417540046208588,1040,0.0029202552002868106,-4.835586059150226,0.9542898639154765,Bad,FYE,FFC,TSUE
-1,0.0059696392735624935,0.14603437148421883,1040,0.004528333626986738,1.3182860993249816,0.9599866301654689,Bad,FYE,FFC,TSUE
0,0.011075763040418676,0.1302048679331917,1040,0.004037481559079093,2.7432355735501965,0.9706192146031517,Bad,FYE,FFC,TSUE
1,0.00166927663222405,0.1117090677003945,1040,0.003463951140856588,0.4818995893259801,0.9722394465768764,Bad,FYE,FFC,TSUE
2,-0.012114125801863008,0.12251983357873568,1040,0.003799178759963118,-3.1886169530966244,0.9604616156115106,Bad,FYE,FFC,TSUE
3,0.008328330312696246,0.08962132287894121,1037,0.0027830561714409915,2.9925124753712966,0.968460657198989,Bad,FYE,FFC,TSUE
4,-0.006582759655784588,0.08442115700984204,1032,0.0026279158318085753,-2.5049354991153665,0.9620855134565649,Bad,FYE,FFC,TSUE
5,0.0037759744280358117,0.11923431304430794,1026,0.0037224388616996307,1.0143818524159016,0.9657183237529607,Bad,FYE,FFC,TSUE
6,-0.012905846334595556,0.09569954531738813,1026,0.002987694543969502,-4.319667270084654,0.9532549114641017,Bad,FYE,FFC,TSUE
-12,-0.003171506696428562,0.11739693009129627,1344,0.0032022638005881204,-0.9903951997477817,1.0,Good,Ann,Simple (EW),SUE
-11,0.0009616822916666717,0.11834926734499479,1344,0.003228240928875024,0.2978966913729696,1.0009616822916667,Good,Ann,Simple (EW),SUE
-10,0.019526210565476192,0.10538575075918123,1344,0.0028746320239505826,6.792594809627663,1.020506670868067,Good,Ann,Simple (EW),SUE
-9,-0.002012130208333332,0.11575404592734406,1344,0.0031574504610681485,-0.6372642209729679,1.0184532785678078,Good,Ann,Simple (EW),SUE
-8,0.0004977410714285731,0.13125546615374137,1344,0.0035802863632513936,0.13902269844598564,1.0189602045938821,Good,Ann,Simple (EW),SUE
-7,0.020272160714285715,0.11132228639264131,1344,0.003036564309106139,6.6760188985601125,1.0396167296228707,Good,Ann,Simple (EW),SUE
-6,0.011112877976190476,0.10961849524872239,1344,0.0029900895955025444,3.716570230171559,1.0511698634811757,Good,Ann,Simple (EW),SUE
-5,0.018344645833333333,0.12011634497632552,1344,0.00327644192294905,5.598953457664752,1.0704532023374114,Good,Ann,Simple (EW),SUE
-4,-0.003514326636904764,0.09034943038736948,1344,0.0024644827603944285,-1.4259895396234434,1.066691280134877,Good,Ann,Simple (EW),SUE
-3,0.0068975882352941146,0.11231811308887135,1343,0.0030648681252787345,2.2505334498419285,1.0740488773594261,Good,Ann,Simple (EW),SUE
-2,0.03494330133928571,0.13124845144592684,1344,0.0035800950214089047,9.760439633676029,1.1115796909341182,Good,Ann,Simple (EW),SUE
-1,0.012242966517857142,0.11461584666815294,1344,0.0031264035309420415,3.9159904972881465,1.1251887238721545,Good,Ann,Simple (EW),SUE
0,0.014681354910714286,0.10658937526759987,1344,0.0029074635740585137,5.049540445392633,1.1417080188688553,Good,Ann,Simple (EW),SUE
1,0.02180434523809524,0.13672122339576176,1344,0.003729377114988367,5.846645315236042,1.1666022146733737,Good,Ann,Simple (EW),SUE
2,0.0007531082089552265,0.09639274792985841,1340,0.0026332492064341326,0.28599959590420354,1.1674807923778292,Good,Ann,Simple (EW),SUE
3,-0.002137522064323109,0.10417486095571911,1337,0.0028490313349631047,-0.750262743021319,1.1649852764244482,Good,Ann,Simple (EW),SUE
4,-0.01164548159278738,0.11621994767915746,1331,0.0031856029719545547,-3.655660072931873,1.151418461831979,Good,Ann,Simple (EW),SUE
5,0.005032518045112782,0.09455337445867025,1330,0.002592693699164124,1.9410384060158166,1.1572129960186242,Good,Ann,Simple (EW),SUE
6,0.018628407686510928,0.1133175612174558,1327,0.0031107259903586123,5.9884437730124205,1.1787700314885878,Good,Ann,Simple (EW),SUE
-12,-0.0034068430439952355,0.12321921980691705,841,0.004248938614031622,-0.8018103704168695,1.0,Bad,Ann,Simple (EW),SUE
-11,-0.007547961950059449,0.12582845143121305,841,0.004338912118317691,-1.7395977941553677,0.9924520380499405,Bad,Ann,Simple (EW),SUE
-10,0.005936215219976221,0.12067566743852452,841,0.004161229911673259,1.426553049453888,0.998343446943309,Bad,Ann,Simple (EW),SUE
-9,-0.008955850178359094,0.13800110659137557,841,0.004758658847978468,-1.8820113953248911,0.9894024326059381,Bad,Ann,Simple (EW),SUE
-8,-0.014434198573127227,0.133902266069172,841,0.00461731951962662,-3.126099138639305,0.9751212014249689,Bad,Ann,Simple (EW),SUE
-7,0.01650885850178359,0.12245737272690602,841,0.004222668025065724,3.9095800105021605,0.991219339361383,Bad,Ann,Simple (EW),SUE
-6,0.007968649227110583,0.11691556092337763,841,0.004031571066323366,1.9765617661250052,0.9991180185838819,Bad,Ann,Simple (EW),SUE
-5,0.015610042806183114,0.12283278118461768,841,0.004235613144297162,3.6854269439598153,1.0147142936224052,Bad,Ann,Simple (EW),SUE
-4,-0.0039240713436385286,0.10745951239337116,841,0.0037055004273576263,-1.058985532606392,1.0107324823408212,Bad,Ann,Simple (EW),SUE
-3,-0.0021832437574316327,0.1300215119118619,841,0.0044835004107538585,-0.4869507209579001,1.0085258069583174,Bad,Ann,Simple (EW),SUE
-2,0.02318889179548157,0.14129516772320116,841,0.004872247162869005,4.759383303089015,1.0319124027688247,Bad,Ann,Simple (EW),SUE
-1,0.021279586206896555,0.13835800783591748,841,0.00477096578744543,4.460226116668616,1.0538710717015098,Bad,Ann,Simple (EW),SUE
0,-0.0018567752675386453,0.12183137845114198,841,0.0042010820155566194,-0.4419754864730088,1.0519142699603998,Bad,Ann,Simple (EW),SUE
1,-0.028941966706302023,0.14004062224318486,841,0.004828986973902927,-5.993382641682773,1.0214698021813218,Bad,Ann,Simple (EW),SUE
2,-0.015990932934131733,0.10928326142498371,835,0.0037819032099511377,-4.228276623276759,1.0051355470803995,Bad,Ann,Simple (EW),SUE
3,-0.015618309352517984,0.10967163178517403,834,0.003797618024496325,-4.112659370103297,0.9894370291648855,Bad,Ann,Simple (EW),SUE
4,-0.0001908719806763304,0.1350312762375051,828,0.00469266124067373,-0.04067457054473566,0.9892481733593742,Bad,Ann,Simple (EW),SUE
5,0.009268108009708736,0.10888741625200833,824,0.0037932728871843922,2.4433011505766236,0.998416632278476,Bad,Ann,Simple (EW),SUE
6,0.014333829476248477,0.12269742288920082,821,0.004282169584494184,3.34732877655092,1.0127277660318061,Bad,Ann,Simple (EW),SUE
-12,-0.006902042452830179,0.11730696490586895,848,0.004028337713644808,-1.7133723494560902,1.0,Good,Ann,Simple (EW),TSUE
-11,0.017979464622641515,0.11867129524752325,848,0.0040751890099302935,4.411933919832851,1.0179794646226414,Good,Ann,Simple (EW),TSUE
-10,0.027448964622641514,0.0995761298839823,848,0.003419458339172929,8.027284411741261,1.0459219469336438,Good,Ann,Simple (EW),TSUE
-9,0.007303290094339623,0.11022687730491472,848,0.0037852065072265092,1.9294297630516541,1.0535606183281367,Good,Ann,Simple (EW),TSUE
-8,0.0025828349056603787,0.11603391016469998,848,0.003984620834348677,0.6482009237605582,1.0562817914683837,Good,Ann,Simple (EW),TSUE
-7,0.02191960613207547,0.10429832260193768,848,0.0035816191028761146,6.120027144838928,1.0794350723018538,Good,Ann,Simple (EW),TSUE
-6,0.011235165094339621,0.10039638340291908,848,0.003447625960658442,3.2588120702612073,1.0915627035477855,Good,Ann,Simple (EW),TSUE
-5,0.02011890683962264,0.10852614870092615,848,0.0037268032471846255,5.398435470083176,1.11352375189007,Good,Ann,Simple (EW),TSUE
-4,0.006605761792452828,0.08724620217286821,848,0.002996046883211629,2.2048259089229423,1.1208794245452944,Good,Ann,Simple (EW),TSUE
-3,0.008810449822904364,0.11037449058936781,847,0.003792512379024756,2.323116958465926,1.1307548764727766,Good,Ann,Simple (EW),TSUE
-2,0.02862572051886792,0.1191889166797902,848,0.004092964202892323,6.993884896095438,1.1631235495420333,Good,Ann,Simple (EW),TSUE
-1,0.0002225943396226419,0.10636846717121917,848,0.0036527081592490703,0.06093953579592934,1.1633824542604432,Good,Ann,Simple (EW),TSUE
0,0.005138676886792453,0.0937430735641855,848,0.0032191503627649904,1.5962835865730558,1.1693607007886513,Good,Ann,Simple (EW),TSUE
1,0.020059231132075472,0.13087288575747694,848,0.004494193348309846,4.463366299008753,1.1928171773625367,Good,Ann,Simple (EW),TSUE
2,0.0008567132701421828,0.09193675585040663,844,0.0031645936443722936,0.27071825530134197,1.1938390796672367,Good,Ann,Simple (EW),TSUE
3,-2.9641330166268297e-05,0.09616510772763873,842,0.0033140684686719375,-0.008944091061023434,1.1938036926889108,Good,Ann,Simple (EW),TSUE
4,-0.006191234523809526,0.11388125884690758,840,0.003929276729240136,-1.5756677247333555,1.186412574052084,Good,Ann,Simple (EW),TSUE
5,0.009409233611442193,0.08998299497135308,839,0.0031065579801327968,3.028829228881791,1.1975758071208924,Good,Ann,Simple (EW),TSUE
6,0.008343050239234451,0.10643282957730757,836,0.0036810563824408297,2.266482599677637,1.207567242244994,Good,Ann,Simple (EW),TSUE
-12,-0.01358401826923076,0.09998405408219312,1040,0.003100373902809472,-4.381412918268117,1.0,Bad,Ann,Simple (EW),TSUE
-11,-0.019523532692307687,0.10366398173461677,1040,0.0032144836152284365,-6.07361400127101,0.9804764673076923,Bad,Ann,Simple (EW),TSUE
-10,0.006902278846153849,0.09292604971572879,1040,0.0028815144782285028,2.395364971546918,0.987243989287142,Bad,Ann,Simple (EW),TSUE
-9,-0.020982561538461536,0.11622645805302481,1040,0.003604029469212676,-5.82197279953022,0.9665290815284483,Bad,Ann,Simple (EW),TSUE
-8,-0.02677641826923077,0.11404269161137133,1040,0.0035363137464638483,-7.571844635110773,0.9406488945720671,Bad,Ann,Simple (EW),TSUE
-7,0.01144400480769231,0.10914156550531018,1040,0.0033843362775254644,3.3814620856943503,0.9514136850439002,Bad,Ann,Simple (EW),TSUE
-6,0.005020965384615385,0.09855443062000926,1040,0.003056043161135852,1.642962850939979,0.956190700222955,Bad,Ann,Simple (EW),TSUE
-5,0.029833969230769232,0.11602377556006253,1040,0.003597744551907562,8.29240898021816,0.9847176641521542,Bad,Ann,Simple (EW),TSUE
-4,-0.007257475961538464,0.08356831927407625,1040,0.0025913435753065705,-2.8006614139075956,0.9775710993756677,Bad,Ann,Simple (EW),TSUE
-3,-0.00510576634615385,0.1043618131637525,1040,0.003236122449253651,-1.5777420126149417,0.9725798497555027,Bad,Ann,Simple (EW),TSUE
-2,0.02222929134615384,0.12322281342657718,1040,0.0038209772396752633,5.81769792170839,0.9941996105931163,Bad,Ann,Simple (EW),TSUE
-1,0.02500851153846154,0.10826626184139099,1040,0.00335719426311567,7.449229796804252,1.0190630630261681,Bad,Ann,Simple (EW),TSUE
0,0.009103957692307691,0.10672265181899435,1040,0.0033093289482563674,2.7509981131082246,1.0283405700377521,Bad,Ann,Simple (EW),TSUE
1,-0.011347010576923075,0.12302984407719214,1040,0.003814993514166557,-2.9743197556659546,1.0166719787128546,Bad,Ann,Simple (EW),TSUE
2,-0.00704789371980676,0.08775824454317731,1035,0.002727832833308071,-2.5836970776760197,1.0095065826589809,Bad,Ann,Simple (EW),TSUE
3,-0.006209952565343656,0.09173877194204622,1033,0.0028543206625671474,-2.1756324181735374,1.0032375946662664,Bad,Ann,Simple (EW),TSUE
4,-0.005304028237585201,0.108395278846357,1027,0.0033824013980176953,-1.568125013398381,0.9979163941351494,Bad,Ann,Simple (EW),TSUE
5,-0.00018848097560975695,0.08629943948361093,1025,0.0026955416226067245,-0.06992322953911072,0.9977283058796058,Bad,Ann,Simple (EW),TSUE
6,0.031031081213307242,0.11225462051886215,1022,0.0035113876567201855,8.837270118529679,1.0286888939681713,Bad,Ann,Simple (EW),TSUE
-12,0.03386409300595238,0.11959637838004446,1344,0.0032622586712448445,10.380566478203333,1.0,Good,Ann,Simple (VW),SUE
-11,-0.006292712053571428,0.11789142683522896,1344,0.0032157523051118153,-1.9568397863132756,0.9937072879464287,Good,Ann,Simple (VW),SUE
-10,-0.02659414955357143,0.1074362612911886,1344,0.0029305642842257494,-9.074753861131411,0.9672804877183075,Good,Ann,Simple (VW),SUE
-9,-0.025871327380952377,0.12006096860209124,1344,0.0032749314085047596,-7.89980740169593,0.9422556575513399,Good,Ann,Simple (VW),SUE
-8,-0.010756793154761904,0.1314591449836096,1344,0.0035858421588188414,-2.999795495266623,0.932120008344156,Good,Ann,Simple (VW),SUE
-7,0.010037853422619045,0.11134071375148265,1344,0.003037066956527261,3.3051142982033044,0.941476492360205,Good,Ann,Simple (VW),SUE
-6,0.00976816443452381,0.10920449945699809,1344,0.0029787969344729623,3.2792313975749705,0.9506729895488183,Good,Ann,Simple (VW),SUE
-5,-0.003977025297619045,0.12272639883532786,1344,0.003347636978763275,-1.1880097283093958,0.9468921390196194,Good,Ann,Simple (VW),SUE
-4,-0.01871644345238095,0.09133561100110642,1344,0.002491383042009592,-7.512471240586091,0.9291696858441547,Good,Ann,Simple (VW),SUE
-3,-0.017732363365599406,0.11445287975656751,1343,0.0031231203353167766,-5.677771415042456,0.9126933113464664,Good,Ann,Simple (VW),SUE
-2,0.02546373214285715,0.1348456464531071,1344,0.003678216559563195,6.922847453517278,0.9359338893551701,Good,Ann,Simple (VW),SUE
-1,0.026621313244047623,0.11863325842583966,1344,0.0032359874206884997,8.226642994299274,0.9608496785994138,Good,Ann,Simple (VW),SUE
0,-0.004467620535714286,0.11319441468144117,1344,0.003087630794785267,-1.446941306343912,0.9565569668435687,Good,Ann,Simple (VW),SUE
1,0.009462043154761906,0.13742098066762268,1344,0.003748464559431215,2.5242450621429002,0.9656079501438307,Good,Ann,Simple (VW),SUE
2,-0.005104221641791045,0.0966402458063072,1340,0.0026400103331863977,-1.933409721025763,0.960679273147221,Good,Ann,Simple (VW),SUE
3,-0.009350747943156322,0.104764573470454,1337,0.00286515911682608,-3.263605112973531,0.9516962034098068,Good,Ann,Simple (VW),SUE
4,-0.021885187077385425,0.11771128701126515,1331,0.0032264807653405087,-6.782990096355264,0.9308681539573458,Good,Ann,Simple (VW),SUE
5,-0.02346631954887218,0.10012331396112349,1330,0.0027454238067400115,-8.547430633937973,0.909024104398714,Good,Ann,Simple (VW),SUE
6,0.02636666616428033,0.11891332382397304,1327,0.0032643375223131905,8.077187479558258,0.9329920394946788,Good,Ann,Simple (VW),SUE
-12,0.02656828180737218,0.1272693507625434,841,0.004388598302156669,6.053933392426426,1.0,Bad,Ann,Simple (VW),SUE
-11,-0.019426063020214032,0.12267233275743954,841,0.004230080439911708,-4.592362555786173,0.980573936979786,Bad,Ann,Simple (VW),SUE
-10,-0.035789003567181926,0.12360181399600721,841,0.004262131517103697,-8.396973069358053,0.9454801728513308,Bad,Ann,Simple (VW),SUE
-9,-0.03200455291319857,0.1434733730705968,841,0.004947357692089545,-6.469019404918197,0.9152205026309302,Bad,Ann,Simple (VW),SUE
-8,-0.02596219381688466,0.13370409168413752,841,0.004610485920142673,-5.631118772851876,0.8914593705564393,Bad,Ann,Simple (VW),SUE
-7,0.00815972770511296,0.12322418738698065,841,0.004249109909895884,1.9203381127208585,0.8987334362803513,Bad,Ann,Simple (VW),SUE
-6,0.0027425790725327014,0.11965247311656672,841,0.004125947348847129,0.6647149952844241,0.9011982837944791,Bad,Ann,Simple (VW),SUE
-5,-0.004427561236623066,0.12685414669926617,841,0.004374280920664351,-1.012180359909446,0.8972081732066395,Bad,Ann,Simple (VW),SUE
-4,-0.02144333650416171,0.1084923998847921,841,0.0037411172374066243,-5.731800193202825,0.8779690364342854,Bad,Ann,Simple (VW),SUE
-3,-0.024410650416171225,0.13340304055898572,841,0.004600104846861576,-5.306542183016851,0.8565372412096653,Bad,Ann,Simple (VW),SUE
-2,0.017465260404280623,0.14531241419758636,841,0.005010772903365047,3.485542198999202,0.8714968871733563,Bad,Ann,Simple (VW),SUE
-1,0.029367915576694416,0.1428323046314112,841,0.004925251883841766,5.962723586389866,0.8970909341812153,Bad,Ann,Simple (VW),SUE
0,-0.01846985255648038,0.1288802189279593,841,0.004444145480274459,-4.155996386360361,0.8805217968971331,Bad,Ann,Simple (VW),SUE
1,-0.040878208085612364,0.1402092995611704,841,0.004834803433143807,-8.454988636224972,0.8445276436596548,Bad,Ann,Simple (VW),SUE
2,-0.022137201197604792,0.10966134668956977,835,0.003794987390063705,-5.833273980189216,0.825832165295022,Bad,Ann,Simple (VW),SUE
3,-0.02283429016786571,0.11030525755968423,834,0.003819558690673143,-5.978253514895327,0.8069748740027185,Bad,Ann,Simple (VW),SUE
4,-0.01397344806763285,0.13783148886376578,828,0.0047899753565070575,-2.9172275487075905,0.7956986525089569,Bad,Ann,Simple (VW),SUE
5,-0.012266591019417475,0.11671572992286829,824,0.004065985116220319,-3.0168804530254456,0.7859381425639279,Bad,Ann,Simple (VW),SUE
6,0.015896590742996344,0.12953300088005862,821,0.004520732901274861,3.516374687501103,0.7984318795655774,Bad,Ann,Simple (VW),SUE
-12,0.030647126179245286,0.12036549183315748,848,0.004133367959540959,7.414565187331853,1.0,Good,Ann,Simple (VW),TSUE
-11,0.00974719103773585,0.11577657523426937,848,0.003975783916556766,2.451640039375535,1.0097471910377358,Good,Ann,Simple (VW),TSUE
-10,-0.019129181603773585,0.10147049447273215,848,0.0034845110862317054,-5.48977492979099,0.9904315536464745,Good,Ann,Simple (VW),TSUE
-9,-0.016085149764150944,0.11320911759272202,848,0.0038876170591674373,-4.137534515191088,0.9745003137749303,Good,Ann,Simple (VW),TSUE
-8,-0.00868920754716981,0.11579141280456345,848,0.003976293440812572,-2.185253094750003,0.9660326782937578,Good,Ann,Simple (VW),TSUE
-7,0.011896661556603771,0.10409456970687898,848,0.0035746221997332546,3.3280892054806586,0.9775252421200382,Good,Ann,Simple (VW),TSUE
-6,0.009891287735849059,0.1003118683761747,848,0.0034447237027245056,2.8714313801208,0.987194225558903,Good,Ann,Simple (VW),TSUE
-5,-0.0024641261792452806,0.10972751774113482,848,0.003768058429403015,-0.6539511595725652,0.9847616544237034,Good,Ann,Simple (VW),TSUE
-4,-0.008502478773584904,0.08768608912522831,848,0.003011152663174092,-2.823662472371075,0.9763887393599255,Good,Ann,Simple (VW),TSUE
-3,-0.01619491145218418,0.11147836193747576,847,0.003830441847420902,-4.227948653779582,0.9605762101830817,Good,Ann,Simple (VW),TSUE
-2,0.019744109669811324,0.1209048835161364,848,0.0041518907459817634,4.755450197941708,0.979541932223148,Good,Ann,Simple (VW),TSUE
-1,0.014752505896226417,0.10843479731300111,848,0.0037236662276439055,3.9618228365115438,0.9939926303538709,Good,Ann,Simple (VW),TSUE
0,-0.014603076650943396,0.09708121848336526,848,0.003333782729925236,-4.380332443341588,0.9794772797823404,Good,Ann,Simple (VW),TSUE
1,0.008001521226415098,0.13090231643225023,848,0.004495204001830909,1.7800129255882617,0.9873145880273101,Good,Ann,Simple (VW),TSUE
2,-0.005001054502369668,0.09212971948650076,844,0.003171235726646461,-1.577004970128227,0.982376973961601,Good,Ann,Simple (VW),TSUE
3,-0.007069266033254158,0.0965886690960119,842,0.003328665357383888,-2.1237538996140293,0.9754322897877232,Good,Ann,Simple (VW),TSUE
4,-0.016809609523809523,0.11579355026062282,840,0.003995257051441685,-4.207391241007582,0.9590356538794762,Good,Ann,Simple (VW),TSUE
5,-0.019077479141835517,0.0946776132348934,839,0.0032686342017002315,-5.836529254913892,0.9407396711963139,Good,Ann,Simple (VW),TSUE
6,0.0165295466507177,0.11131832641521361,836,0.0038500248237384087,4.293361058037896,0.9562896714775341,Good,Ann,Simple (VW),TSUE
-12,0.022952806730769233,0.10230953865321758,1040,0.003172484118199052,7.234963478335402,1.0,Bad,Ann,Simple (VW),TSUE
-11,-0.020822659615384615,0.10064906468795264,1040,0.00312099500630557,-6.671801644448358,0.9791773403846152,Bad,Ann,Simple (VW),TSUE
-10,-0.03744500384615384,0.09683529093110245,1040,0.0030027349023770194,-12.470299598047,0.9425120411078467,Bad,Ann,Simple (VW),TSUE
-9,-0.04792837884615385,0.12354149146634623,1040,0.003830859026195804,-12.511130928706777,0.897338966934568,Bad,Ann,Simple (VW),TSUE
-8,-0.03855353365384615,0.11426670502780882,1040,0.00354326010762691,-10.880808205657612,0.8627433788739487,Bad,Ann,Simple (VW),TSUE
-7,0.0008727932692307673,0.10915047611769928,1040,0.0033846125838861416,0.2578709520215292,0.8634963754881032,Bad,Ann,Simple (VW),TSUE
-6,0.0035882346153846166,0.0996694989680861,1040,0.003090619962786487,1.1610080367660225,0.8665948030728888,Bad,Ann,Simple (VW),TSUE
-5,0.009340728846153848,0.12107457388614977,1040,0.003754363159367524,2.48796625410298,0.8746894301478787,Bad,Ann,Simple (VW),TSUE
-4,-0.023254272115384614,0.08494192420886246,1040,0.002633937256185729,-8.828711489149029,0.8543491641227692,Bad,Ann,Simple (VW),TSUE
-3,-0.028997218269230768,0.10660481317379845,1040,0.0033056749269860615,-8.77195093580145,0.8295754149325665,Bad,Ann,Simple (VW),TSUE
-2,0.010122868269230772,0.12685336743227418,1040,0.003933555940302367,2.5734649316955283,0.8379730975773213,Bad,Ann,Simple (VW),TSUE
-1,0.038746053846153844,0.11236738820474858,1040,0.003484364793114636,11.119976278809535,0.8704412483376806,Bad,Ann,Simple (VW),TSUE
0,-0.0067113403846153835,0.11780261171015644,1040,0.0036529039193462084,-1.8372616780505329,0.8645994208352767,Bad,Ann,Simple (VW),TSUE
1,-0.025373247115384613,0.12380533804401175,1040,0.0038390405612540577,-6.609267787234894,0.8426617260746049,Bad,Ann,Simple (VW),TSUE
2,-0.013138035748792269,0.08837645682609757,1035,0.002747049030852616,-4.782599655570963,0.8315908061932977,Bad,Ann,Simple (VW),TSUE
3,-0.013193150048402713,0.09211208668596736,1033,0.0028659358168215366,-4.6034352796618325,0.8206195039083174,Bad,Ann,Simple (VW),TSUE
4,-0.0146192288218111,0.11044392582545245,1027,0.0034463280420550164,-4.2419725120229055,0.8086226796050405,Bad,Ann,Simple (VW),TSUE
5,-0.02832895121951219,0.09348297131205054,1025,0.0029199174604655144,-9.7019698683523,0.785715247159518,Bad,Ann,Simple (VW),TSUE
6,0.03580854598825831,0.1188940205815678,1022,0.0037190718243780723,9.628355589568764,0.8138505677211053,Bad,Ann,Simple (VW),TSUE
-12,-0.024340399537807273,0.09277822842783524,1344,0.0025307336584193974,-9.61792224038676,1.0,Good,Ann,MM (EW),SUE
-11,-0.00447969506755438,0.11042392192240462,1344,0.003012059409186386,-1.487253224120314,0.9955203049324456,Good,Ann,MM (EW),SUE
-10,0.013407992556556766,0.10232812002081236,1344,0.002791228307844636,4.803617288802259,1.008868233770881,Good,Ann,MM (EW),SUE
-9,-0.010400151593562867,0.11299766776181104,1344,0.0030822640825712523,-3.374192254444002,0.9983758512017337,Good,Ann,MM (EW),SUE
-8,-0.008593563237558109,0.1297095014932549,1344,0.003538116719927548,-2.4288523861174607,0.9897962451895806,Good,Ann,MM (EW),SUE
-7,0.005236825738688347,0.10344919105936404,1344,0.0028218080274493135,1.8558405418606787,0.9949796356424465,Good,Ann,MM (EW),SUE
-6,-0.0019037190090178662,0.10424488641720299,1344,0.002843512397731587,-0.6694955895168802,0.9930854739964884,Good,Ann,MM (EW),SUE
-5,0.01428281803121652,0.11233478749132789,1344,0.003064182540808265,4.661216438968751,1.0072695331110244,Good,Ann,MM (EW),SUE
-4,-0.007000528411590575,0.08071824744548392,1344,0.0022017707076375354,-3.1794992945028455,1.0002181141263513,Good,Ann,MM (EW),SUE
-3,0.0022713046193420174,0.11076844598439287,1343,0.0030225817550514227,0.7514452224645868,1.002489914149316,Good,Ann,MM (EW),SUE
-2,0.016723733188596795,0.1336201257006009,1344,0.003644787740431654,4.588397015025132,1.0192552879978085,Good,Ann,MM (EW),SUE
-1,-0.004375016670641643,0.11575985762509516,1344,0.0031576089881208903,-1.3855473198552168,1.0147960291211784,Good,Ann,MM (EW),SUE
0,0.007414401629048536,0.10883914083820065,1344,0.002968830961101273,2.4974145467339777,1.0223201344526465,Good,Ann,MM (EW),SUE
1,0.007922003000953338,0.13679519505952403,1344,0.003731394857538798,2.1230674595983756,1.0304189576257152,Good,Ann,MM (EW),SUE
2,-0.01055859451056026,0.09766520896833107,1340,0.0026680101930408704,-3.9574790748929183,1.0195391816761512,Good,Ann,MM (EW),SUE
3,-0.007196135791110506,0.10571396272170734,1337,0.002891123535699148,-2.489044726817699,1.0122024392804518,Good,Ann,MM (EW),SUE
4,-0.02484920122166835,0.11638911125351507,1331,0.003190239766205295,-7.789132805910012,0.9870500171897083,Good,Ann,MM (EW),SUE
5,-0.0028776738795322373,0.09937648684750623,1330,0.0027249454899911283,-1.056048236598526,0.9842096091374497,Good,Ann,MM (EW),SUE
6,0.004760863459874553,0.1181208923689292,1327,0.0032425841674377513,1.468231266803639,0.9888952967024497,Good,Ann,MM (EW),SUE
-12,-0.023211787823461578,0.10465027648841074,841,0.0036086302237383016,-6.432298790485578,1.0,Bad,Ann,MM (EW),SUE
-11,-0.008986190076732873,0.11958149600883453,841,0.004123499862373604,-2.179262853560559,0.9910138099232672,Bad,Ann,MM (EW),SUE
-10,0.0014409742724072643,0.11934084218530822,841,0.0041152014546658,0.3501588654362213,0.992441835326967,Bad,Ann,MM (EW),SUE
-9,-0.016187931968862264,0.13689175457503283,841,0.004720405330173546,-3.4293521078341622,0.9763762544136412,Bad,Ann,MM (EW),SUE
-8,-0.02340327219878268,0.13081980579870153,841,0.004511027786162121,-5.188013310530646,0.9535258551631709,Bad,Ann,MM (EW),SUE
-7,0.001884457118178433,0.11322610305551857,841,0.0039043483812247785,0.4826559861410949,0.9553227337483002,Bad,Ann,MM (EW),SUE
-6,-0.0016726773981487978,0.10693089350731168,841,0.003687272189907299,-0.45363545515495296,0.9537247870036217,Bad,Ann,MM (EW),SUE
-5,0.015358377381220261,0.11665962588946273,841,0.004022745720326301,3.8178842136645126,0.9683724522002473,Bad,Ann,MM (EW),SUE
-4,-0.0051440081156064865,0.09809897954236703,841,0.0033827234324954147,-1.5206706129716856,0.9633911364471995,Bad,Ann,MM (EW),SUE
-3,-0.007624516427197644,0.12927380135303393,841,0.0044577172880356526,-1.710408250353059,0.9560457449015413,Bad,Ann,MM (EW),SUE
-2,0.003745106806428775,0.14875180486386036,841,0.005129372581512426,0.7301296107689857,0.9596262383280292,Bad,Ann,MM (EW),SUE
-1,0.00707159210726566,0.1430356332491042,841,0.004932263215486352,1.4337418337817474,0.9664123236609148,Bad,Ann,MM (EW),SUE
0,-0.007513151314784851,0.12173263726619579,841,0.004197677147110199,-1.789835437905728,0.9591515216407775,Bad,Ann,MM (EW),SUE
1,-0.04216936015811258,0.14406243111674147,841,0.004967670038508326,-8.488760290281888,0.918704715678506,Bad,Ann,MM (EW),SUE
2,-0.024311457453032537,0.1093165252481512,835,0.0037830543520196674,-6.426409771261501,0.8963696650713876,Bad,Ann,MM (EW),SUE
3,-0.0192395836335854,0.11229301673203945,834,0.003888389161583621,-4.9479573247626565,0.8791238859336378,Bad,Ann,MM (EW),SUE
4,-0.012171870237792908,0.13533735532387198,828,0.004703298224231882,-2.5879435361088023,0.8684233040711092,Bad,Ann,MM (EW),SUE
5,0.002321177108125506,0.10976314359474279,824,0.003823780294744441,0.6070372587347203,0.8704390683646818,Bad,Ann,MM (EW),SUE
6,0.0018750771390821119,0.12597361922311573,821,0.004396509624925111,0.42649221747445887,0.8720712087627364,Bad,Ann,MM (EW),SUE
-12,-0.029274921945245624,0.09034925466448779,848,0.0031026061432644415,-9.435590788344049,1.0,Good,Ann,MM (EW),TSUE
-11,0.0071887046722957275,0.11317696450681898,848,0.003886512917664354,1.8496541307306047,1.0071887046722958,Good,Ann,MM (EW),TSUE
-10,0.015052888128795105,0.09925475442633307,848,0.003408422260647437,4.416380066105946,1.0223498035683138,Good,Ann,MM (EW),TSUE
-9,-0.006854205357042973,0.109572575710937,848,0.0037627376982411827,-1.82160062877804,1.015342408067924,Good,Ann,MM (EW),TSUE
-8,-0.011559124747100897,0.11569908081128598,848,0.0039731227471457966,-2.9093298855175607,1.0036059385120453,Good,Ann,MM (EW),TSUE
-7,0.00419299735393388,0.09668780096223939,848,0.0033202727167829502,1.2628472753878248,1.0078140555566184,Good,Ann,MM (EW),TSUE
-6,-0.004974415858052836,0.09436753301341994,848,0.003240594388292473,-1.5350319299521913,1.0028007693366892,Good,Ann,MM (EW),TSUE
-5,0.009712016461648489,0.10121327676894361,848,0.00347567819401921,2.79427953898623,1.0125399869162408,Good,Ann,MM (EW),TSUE
-4,-0.0047486006627623315,0.08022569842779777,848,0.002754961794804939,-1.723653907548489,1.007731838863297,Good,Ann,MM (EW),TSUE
-3,-0.0027744580010584494,0.10971333106265817,847,0.003769794668834952,-0.7359705885296639,1.0049359292000415,Good,Ann,MM (EW),TSUE
-2,0.008511192115126643,0.12478349443256957,848,0.004285082791686464,1.9862374961901088,1.0134891319568564,Good,Ann,MM (EW),TSUE
-1,-0.018438131600823592,0.10826237916708098,848,0.0037177453642042615,-4.959492863161716,0.9948022859658313,Good,Ann,MM (EW),TSUE
0,-0.007019464375257284,0.09403043771904414,848,0.0032290184883574957,-2.1738693663621214,0.9878193067590696,Good,Ann,MM (EW),TSUE
1,0.0029138446991068038,0.1339522770234655,848,0.00459994007853856,0.6334527514177005,0.9906976588097449,Good,Ann,MM (EW),TSUE
2,-0.014603597205614861,0.08892439668452207,844,0.003060903965714976,-4.771007966662458,0.9762299092479416,Good,Ann,MM (EW),TSUE
3,-0.01072128485967353,0.09871900971304151,842,0.0034020817433606473,-3.1513895515875587,0.9657634703023613,Good,Ann,MM (EW),TSUE
4,-0.023450038484843522,0.11292673623557026,840,0.0038963425702552646,-6.018474521173126,0.9431162797565149,Good,Ann,MM (EW),TSUE
5,-0.003045468094137014,0.09409535786016109,839,0.0032485325138043603,-0.9374904148859704,0.9402440492174554,Good,Ann,MM (EW),TSUE
6,-0.008985358928283295,0.11310028231659362,836,0.003911655057286212,-2.2970734373794874,0.931795618955054,Good,Ann,MM (EW),TSUE
-12,-0.029657981302142037,0.08261566816492734,1040,0.0025618031184367206,-11.576994769309248,1.0,Bad,Ann,MM (EW),TSUE
-11,-0.021586427086654345,0.09421439239854475,1040,0.0029214642889092593,-7.388906709762907,0.9784135729133456,Bad,Ann,MM (EW),TSUE
-10,0.0032080070452740568,0.09165870296350394,1040,0.0028422157237173265,1.1286993518839283,0.9815523305484435,Bad,Ann,MM (EW),TSUE
-9,-0.026578797426932366,0.11355523286104585,1040,0.0035211982922838964,-7.548225126990221,0.955463849990863,Bad,Ann,MM (EW),TSUE
-8,-0.03291431656025601,0.11180250367760516,1040,0.00346684846751519,-9.494016501923095,0.9240154103703828,Bad,Ann,MM (EW),TSUE
-7,0.00042279589414255975,0.09997510930700183,1040,0.003100096537105269,0.13638152524674202,0.9244060802920119,Bad,Ann,MM (EW),TSUE
-6,-0.003670781962783506,0.0925537988123088,1040,0.00286997146772693,-1.2790308210592882,0.9210127871261885,Bad,Ann,MM (EW),TSUE
-5,0.02841636398954716,0.11061459700944948,1040,0.0034300130454398294,8.284622715160356,0.9471846217241936,Bad,Ann,MM (EW),TSUE
-4,-0.008803747575146466,0.07208962119949681,1040,0.0022354042580290407,-3.938324597676459,0.9388458474074732,Bad,Ann,MM (EW),TSUE
-3,-0.007846112887332762,0.10089898791769401,1040,0.0031287447966727323,-2.5077509983162325,0.9314795569049107,Bad,Ann,MM (EW),TSUE
-2,0.008258716624514066,0.12623026778080954,1040,0.003914234440329355,2.109918746670461,0.9391723826069163,Bad,Ann,MM (EW),TSUE
-1,0.013443097834527285,0.11095623511365887,1040,0.003440606793335123,3.9071880752453936,0.9517977688297871,Bad,Ann,MM (EW),TSUE
0,0.005124101529413495,0.10817655056488978,1040,0.0033544124345230484,1.52757051478736,0.95667487723274,Bad,Ann,MM (EW),TSUE
1,-0.02146663147808882,0.12397517288425085,1040,0.003844306916087322,-5.584005633956312,0.936138290198839,Bad,Ann,MM (EW),TSUE
2,-0.014408708867896587,0.08841157178301734,1035,0.0027481405263915775,-5.243075719572397,0.9226497461152734,Bad,Ann,MM (EW),TSUE
3,-0.008892536677621424,0.08971864739702062,1033,0.0027914673770068374,-3.1856136850707113,0.9144450494073452,Bad,Ann,MM (EW),TSUE
4,-0.014855144167518439,0.10887757477926724,1027,0.0033974511165579847,-4.372437941820466,0.9008608363651256,Bad,Ann,MM (EW),TSUE
5,-0.005049610830899481,0.08902679132653507,1025,0.002780729782067382,-1.8159300711143749,0.8963118397286831,Bad,Ann,MM (EW),TSUE
6,0.02114375483926132,0.11500142636888222,1022,0.0035973092883874237,5.8776583118710635,0.9152632375274335,Bad,Ann,MM (EW),TSUE
-12,0.02597982174136959,0.10738712549723022,1344,0.0029292239955641653,8.869182343416488,1.0,Good,Ann,MM (VW),SUE
-11,-0.004766038907665872,0.11225598371112903,1344,0.0030620329914760633,-1.55649495643363,0.9952339610923341,Good,Ann,MM (VW),SUE
-10,-0.030133692743534612,0.1068980210152162,1344,0.0029158825770429072,-10.334329983237591,0.9652438867008467,Good,Ann,MM (VW),SUE
-9,-0.027299282040804458,0.11719462176916899,1344,0.0031967453886841456,-8.539711087857853,0.9388934215996381,Good,Ann,MM (VW),SUE
-8,-0.011638487008778483,0.13007217454605693,1344,0.003548009438481037,-3.2802863720004973,0.9279661227097231,Good,Ann,MM (VW),SUE
-7,0.002948011049548863,0.1038825934455962,1344,0.0028336300467426668,1.04036553852105,0.9307017770930783,Good,Ann,MM (VW),SUE
-6,0.005538657494494661,0.10529338907433518,1344,0.002872112652449864,1.9284262717795135,0.9358566154659144,Good,Ann,MM (VW),SUE
-5,-0.003383400566803043,0.11712996200396471,1344,0.0031949816489908914,-1.0589733959416205,0.9326902376627005,Good,Ann,MM (VW),SUE
-4,-0.015441386859273723,0.08231974740633051,1344,0.002245455200471156,-6.876728983964458,0.9182882068830828,Good,Ann,MM (VW),SUE
-3,-0.0164093699923035,0.11481744379639612,1343,0.003133068336352099,-5.237475927961818,0.9032196759367693,Good,Ann,MM (VW),SUE
-2,0.01599282402542761,0.13973186043724278,1344,0.0038114989729206568,4.195940793648623,0.91766470927033,Good,Ann,MM (VW),SUE
-1,0.021730512640104276,0.12099995926569014,1344,0.00330054447869999,6.583917526438981,0.9376060338345064,Good,Ann,MM (VW),SUE
0,-0.0057336963226031394,0.11758009136021906,1344,0.00320725993379778,-1.787724238432323,0.932230085566259,Good,Ann,MM (VW),SUE
1,0.00361700807185072,0.1381265410686063,1344,0.0037677102971983034,0.9600016419893943,0.9356019693105743,Good,Ann,MM (VW),SUE
2,-0.008632447576221206,0.09641719240690444,1340,0.002633916978659383,-3.2774182505232066,0.9275254343582915,Good,Ann,MM (VW),SUE
3,-0.006241631867259692,0.10569188277549113,1337,0.002890519681198483,-2.15934591549702,0.9217361620495069,Good,Ann,MM (VW),SUE
4,-0.027413042824592084,0.11772234974032744,1331,0.0032267839960963517,-8.495468819033256,0.8964685691662686,Good,Ann,MM (VW),SUE
5,-0.026402224644214656,0.106145981082771,1330,0.0029105678979779587,-9.0711591585123,0.8727998046166632,Good,Ann,MM (VW),SUE
6,0.0238270729781668,0.12288399918334453,1327,0.003373338130047508,7.063351511053899,0.8935960692565942,Good,Ann,MM (VW),SUE
-12,0.020819614351254852,0.11817150191408093,841,0.004074879376347618,5.109259054906262,1.0,Bad,Ann,MM (VW),SUE
-11,-0.015209563190393854,0.11889166716707084,841,0.004099712660933477,-3.709909559108159,0.9847904368096061,Bad,Ann,MM (VW),SUE
-10,-0.03757811886493161,0.12293228582881775,841,0.00423904433892475,-8.864761927558288,0.9477838647181268,Bad,Ann,MM (VW),SUE
-9,-0.031093591334531573,0.14200128089251227,841,0.004896595892845251,-6.350042359012009,0.9183138605551184,Bad,Ann,MM (VW),SUE
-8,-0.02567225521320351,0.12997309039498658,841,0.0044818307032754,-5.7280733951958025,0.8947386727611253,Bad,Ann,MM (VW),SUE
-7,0.003508478835424968,0.11664514138990166,841,0.004022246254824195,0.8722685318475901,0.8978778444577439,Bad,Ann,MM (VW),SUE
-6,0.0026325145846832526,0.1118743955290285,841,0.0038577377768630517,0.6823985291255077,0.9002415209785428,Bad,Ann,MM (VW),SUE
-5,-0.000774829839474932,0.12373030597265613,841,0.0042665622749191775,-0.1816051869275973,0.8995439869853543,Bad,Ann,MM (VW),SUE
-4,-0.01706842606012083,0.09984854878414566,841,0.00344305340634985,-4.957351526596245,0.8841901869556684,Bad,Ann,MM (VW),SUE
-3,-0.02362122602069666,0.13328368213224698,841,0.004595989039042999,-5.1395305384834415,0.8633045307043067,Bad,Ann,MM (VW),SUE
-2,0.01000068166745063,0.15354524779118295,841,0.005294663716937343,1.8888228227713482,0.8719381644979483,Bad,Ann,MM (VW),SUE
-1,0.028598627131181123,0.1468311718150857,841,0.0050631438556926105,5.648393161696763,0.8968743989458716,Bad,Ann,MM (VW),SUE
0,-0.017358333744600093,0.13351881724436399,841,0.004604097146357379,-3.7701927637068815,0.8813061538019816,Bad,Ann,MM (VW),SUE
1,-0.044224380375982246,0.14467663875834436,841,0.004988849612356702,-8.8646449206335,0.8423309352285488,Bad,Ann,MM (VW),SUE
2,-0.021801165646229616,0.1087913057221561,835,0.003764878380828934,-5.790669296847122,0.8239671389806877,Bad,Ann,MM (VW),SUE
3,-0.018108464175577894,0.113315420519974,834,0.003923792109366681,-4.6150416920280435,0.8090463595626025,Bad,Ann,MM (VW),SUE
4,-0.017984365891318868,0.1381461741911308,828,0.004800911427615037,-3.746031594724299,0.7944961738091891,Bad,Ann,MM (VW),SUE
5,-0.012284506287955629,0.12009957228160935,824,0.004183866850544985,-2.936160907308861,0.7847361805662735,Bad,Ann,MM (VW),SUE
6,0.015809657954816352,0.13273143475434818,821,0.004632359013152261,3.4128740691145354,0.7971425911657953,Bad,Ann,MM (VW),SUE
-12,0.01916234964105449,0.10794227010706658,848,0.0037067527739520958,5.169578552880887,1.0,Good,Ann,MM (VW),TSUE
-11,0.0055449080301070396,0.11161184713313364,848,0.003832766566390527,1.446711646550629,1.005544908030107,Good,Ann,MM (VW),TSUE
-10,-0.027191334843265004,0.10265687614036599,848,0.0035252515999628477,-7.713303312464725,0.9782027997359205,Good,Ann,MM (VW),TSUE
-9,-0.02290010502685888,0.11263173574816057,848,0.0038677896852217634,-5.92072136557908,0.9558018528844004,Good,Ann,MM (VW),TSUE
-8,-0.01470141244532161,0.11554915830256156,848,0.00396797438705905,-3.7050169711951897,0.9417502156291443,Good,Ann,MM (VW),TSUE
-7,0.0016082175370561854,0.09681184797917314,848,0.003324532508833493,0.4837424608672196,0.9432647548414455,Good,Ann,MM (VW),TSUE
-6,0.0016664418347943257,0.09674084145226204,848,0.0033220941346883567,0.5016239056545138,0.9448366506902002,Good,Ann,MM (VW),TSUE
-5,-0.007643076361543165,0.10391018299623078,848,0.0035682903340934343,-2.1419435208275948,0.9376151920197904,Good,Ann,MM (VW),TSUE
-4,-0.01239416273325916,0.08121638065002476,848,0.002788981961989699,-4.443973787631451,0.9259942367487211,Good,Ann,MM (VW),TSUE
-3,-0.020699972880133265,0.11212099692541629,847,0.003852523046925832,-5.373095145180523,0.9068261811608629,Good,Ann,MM (VW),TSUE
-2,0.0077312369869621846,0.12832197475998003,848,0.004406594705010074,1.7544697219765095,0.9138370692733995,Good,Ann,MM (VW),TSUE
-1,0.005782629267203845,0.10994161138923604,848,0.0037754104354632686,1.531655793734722,0.9191214502556356,Good,Ann,MM (VW),TSUE
0,-0.020775198486430585,0.10000002207805882,848,0.0034340148568808783,-6.049827782428622,0.9000265196934388,Good,Ann,MM (VW),TSUE
1,-0.0012864531759670013,0.1344639508666683,848,0.004617511030453592,-0.27860316250086553,0.8988686777187247,Good,Ann,MM (VW),TSUE
2,-0.013310675109713326,0.0886056887745515,844,0.0030499335870348195,-4.36425080411476,0.8869041287833132,Good,Ann,MM (VW),TSUE
3,-0.00991393777623387,0.0990537398566674,842,0.0034136173059021715,-2.904232340014387,0.8781114164370705,Good,Ann,MM (VW),TSUE
4,-0.026159057881808254,0.11541198987396231,840,0.003982091967359496,-6.569174719275553,0.8551408490678165,Good,Ann,MM (VW),TSUE
5,-0.026458604199435538,0.09996995974279617,839,0.0034513462939459653,-7.666169067371417,0.8325150158075619,Good,Ann,MM (VW),TSUE
6,0.009421468872534883,0.11616041061129091,836,0.004017491807422609,2.3451121555812593,0.8403585301149107,Good,Ann,MM (VW),TSUE
-12,0.018180816575318465,0.09392349130290444,1040,0.002912443828861895,6.2424608485661475,1.0,Bad,Ann,MM (VW),TSUE
-11,-0.015227993103296486,0.09498667449025652,1040,0.0029454117399776267,-5.170072793765723,0.9847720068967035,Bad,Ann,MM (VW),TSUE
-10,-0.03794415299592191,0.09672383148010118,1040,0.002999278691521419,-12.651092778802193,0.9474056672009139,Bad,Ann,MM (VW),TSUE
-9,-0.045834955198497014,0.11968391916422963,1040,0.0037112407870328757,-12.3503048788009,0.9039813708899578,Bad,Ann,MM (VW),TSUE
-8,-0.036238278947447494,0.11185818829319859,1040,0.003468575174144148,-10.447597969788587,0.8712226418083515,Bad,Ann,MM (VW),TSUE
-7,-0.0020167335421426777,0.10106581691831654,1040,0.0031339179443762317,-0.6435182981614677,0.8694656178839424,Bad,Ann,MM (VW),TSUE
-6,0.004389091915284528,0.09525645368170794,1040,0.0029537772375799686,1.4859251603145651,0.8732817823980147,Bad,Ann,MM (VW),TSUE
-5,0.013388817898177287,0.11822804269714227,1040,0.003666095974235412,3.65206421006739,0.8849739931563374,Bad,Ann,MM (VW),TSUE
-4,-0.018248924621726562,0.07355019614349811,1040,0.0022806947644107532,-8.001476088117125,0.8688241694630391,Bad,Ann,MM (VW),TSUE
-3,-0.025915209871520174,0.10487122331974716,1040,0.003251918587627612,-7.969206231090252,0.8463084087699552,Bad,Ann,MM (VW),TSUE
-2,0.0047471762731702075,0.13277975024827976,1040,0.004117325270216692,1.1529757698546774,0.8503259839678523,Bad,Ann,MM (VW),TSUE
-1,0.039380818635544185,0.11609250177750367,1040,0.00359987566144247,10.939494121239813,0.8838125173235809,Bad,Ann,MM (VW),TSUE
0,-0.0037601877938536385,0.12282864432722197,1040,0.0038087545747698156,-0.9872486452033701,0.8804892162838858,Bad,Ann,MM (VW),TSUE
1,-0.027055974547266957,0.12460886879372075,1040,0.0038639569920726636,-7.00214174297884,0.8566667224589659,Bad,Ann,MM (VW),TSUE
2,-0.012235957898705616,0.08774542417493607,1035,0.002727434331473792,-4.48625206389252,0.8461845845097359,Bad,Ann,MM (VW),TSUE
3,-0.007188528276513142,0.09038017443887296,1033,0.0028120498446422104,-2.5563303190409026,0.8401017626968381,Bad,Ann,MM (VW),TSUE
4,-0.017117743107225577,0.1116841171967636,1027,0.0034850273753910944,-4.911795880887334,0.8257211165390662,Bad,Ann,MM (VW),TSUE
5,-0.02692919651638684,0.09826099054778199,1025,0.0030691577081495753,-8.774132539648056,0.8034851103240555,Bad,Ann,MM (VW),TSUE
6,0.03719697323938328,0.12164219652296825,1022,0.003805036313274166,9.775720959513247,0.8333723244710223,Bad,Ann,MM (VW),TSUE
-12,0.008288198483602958,0.0701086109455501,1344,0.0019123691459892432,4.333995087185734,1.0,Good,Ann,FFC,SUE
-11,-0.006928161230431763,0.0927960500801564,1344,0.002531219783840653,-2.737084023545191,0.9930718387695684,Good,Ann,FFC,SUE
-10,0.0033568454145750733,0.08453204295147052,1344,0.0023058005087760233,1.4558264697222099,0.9964054274178856,Good,Ann,FFC,SUE
-9,0.0012633826312678357,0.09390175819777666,1344,0.0025613804454211408,0.49324286578603554,0.9976642687285863,Good,Ann,FFC,SUE
-8,-0.009925341923724186,0.11367167179871755,1344,0.003100649049939287,-3.201052993700958,0.9877621097363727,Good,Ann,FFC,SUE
-7,0.0006583201826460212,0.09753136958145522,1344,0.0026603862127365006,0.2474528621048845,0.9884123734688651,Good,Ann,FFC,SUE
-6,-0.006418126436000338,0.09985652610476153,1344,0.0027238100566095453,-2.356304699157063,0.9820686178850347,Good,Ann,FFC,SUE
-5,0.003211080193093375,0.10519460120255066,1344,0.002869417992329649,1.1190702092469749,0.9852221189721839,Good,Ann,FFC,SUE
-4,-0.0023359820449038397,0.08197300031943114,1344,0.002235996898252574,-1.044716138349478,0.9829206577920228,Good,Ann,FFC,SUE
-3,-0.0008367410228196379,0.12141559868701447,1343,0.0033131147603327727,-0.25255419245894,0.9820982077554714,Good,Ann,FFC,SUE
-2,0.017236946830883556,0.1494385761616841,1344,0.004076271351234171,4.228606328100491,0.9990265823452584,Good,Ann,FFC,SUE
-1,-0.002696443038481567,0.1293009235311808,1344,0.0035269718423174574,-0.7645207160797244,0.9963327640720355,Good,Ann,FFC,SUE
0,0.00804281372615319,0.11975996164355698,1344,0.003266720770575047,2.4620450571100996,1.0043460829027304,Good,Ann,FFC,SUE
1,0.022456781182006818,0.14764144717613348,1344,0.00402725063927057,5.576206497560894,1.0269004631174827,Good,Ann,FFC,SUE
2,0.0019613760381562715,0.09669281399672917,1340,0.002641446386714128,0.7425386515590643,1.028914601079413,Good,Ann,FFC,SUE
3,-0.001047660750175069,0.10594714502252495,1337,0.0028975007333809435,-0.3615739378787345,1.02783664763658,Good,Ann,FFC,SUE
4,-0.019951640591387078,0.11855751005138021,1331,0.003249675842307579,-6.139578702477449,1.0073296202562787,Good,Ann,FFC,SUE
5,-0.01934795780300047,0.10883570390067585,1330,0.0029843212403880496,-6.483202123537032,0.9878398492698478,Good,Ann,FFC,SUE
6,0.0034716428160373562,0.1322838603587045,1327,0.0036313775032020624,0.9560126461586944,0.9912692763859609,Good,Ann,FFC,SUE
-12,0.00031448582446386234,0.08770859027371998,841,0.0030244341473696546,0.103981706706152,1.0,Bad,Ann,FFC,SUE
-11,-0.012057302629385338,0.10013902695576572,841,0.003453069895026404,-3.4917632703444426,0.9879426973706147,Bad,Ann,FFC,SUE
-10,0.003272143828083836,0.09742209460215455,841,0.003359382572488088,0.9740313160166096,0.9911753879703165,Bad,Ann,FFC,SUE
-9,0.0013978810834617546,0.11439433474145684,841,0.003944632232464029,0.35437551616530877,0.9925609332955532,Bad,Ann,FFC,SUE
-8,-0.01793946836294762,0.11457994484024593,841,0.0039510325806981356,-4.540450628169148,0.9747549178343998,Bad,Ann,FFC,SUE
-7,-0.00033795965262974493,0.1015996127026276,841,0.003503434920780262,-0.09646522920268111,0.9744254900009695,Bad,Ann,FFC,SUE
-6,-0.010099263355214667,0.10197528736000241,841,0.0035163892193104283,-2.8720550329736123,0.9645845103574155,Bad,Ann,FFC,SUE
-5,0.006783224939400751,0.10750372432907987,841,0.003707024976864823,1.8298298451545882,0.9711275040642315,Bad,Ann,FFC,SUE
-4,8.472151843525129e-05,0.09771965060800253,841,0.00336964312441388,0.02514257899343209,0.9712097794609701,Bad,Ann,FFC,SUE
-3,-0.005536341750541236,0.13805600638635057,841,0.0047605519443569165,-1.16296215549206,0.9658328302104063,Bad,Ann,FFC,SUE
-2,0.006713814876191167,0.16734506347735062,841,0.00577051943025347,1.1634680304501224,0.9723172530337868,Bad,Ann,FFC,SUE
-1,0.005461592654486918,0.16219277111346148,841,0.005592854176326258,0.9765304945022614,0.9776276538007871,Bad,Ann,FFC,SUE
0,-0.002960608426292622,0.1383394837816124,841,0.004770327026952152,-0.6206300762118206,0.9747332811311678,Bad,Ann,FFC,SUE
1,-0.016252986570164295,0.1521852826942052,841,0.005247768368765697,-3.097123468120428,0.9588909542034507,Bad,Ann,FFC,SUE
2,-0.012439079829582098,0.1087080989687803,835,0.00376199889239147,-3.306508105236225,0.9469632330762499,Bad,Ann,FFC,SUE
3,-0.01183493012920505,0.11599479288585507,834,0.004016571186557205,-2.946525675634629,0.9357559893778663,Bad,Ann,FFC,SUE
4,-0.005757018516241162,0.1414933652611223,828,0.004917234358397762,-1.1707838383601135,0.9303688248203343,Bad,Ann,FFC,SUE
5,-0.008653277588336046,0.1259155640597194,824,0.004386476524677879,-1.972717177364012,0.9223180851196301,Bad,Ann,FFC,SUE
6,-0.0003290997746197134,0.14901577736897315,821,0.005200686489034129,-0.06328006414415374,0.9220145504456895,Bad,Ann,FFC,SUE
-12,0.0037040626558141362,0.06987086774933172,848,0.0023993754494081184,1.5437611719865934,1.0,Good,Ann,FFC,TSUE
-11,0.0034444226881372537,0.0908073962439889,848,0.003118338789696595,1.1045697470454727,1.0034444226881372,Good,Ann,FFC,TSUE
-10,0.0020425292449902754,0.07682629813091604,848,0.002638225909338185,0.774205589354801,1.0054939872672002,Good,Ann,FFC,TSUE
-9,-0.0013841492988428557,0.09258007370492638,848,0.003179212783629971,-0.43537485316174956,1.0041022334697336,Good,Ann,FFC,TSUE
-8,-0.011668130118644923,0.0999375961018693,848,0.0034318711400572683,-3.3999324690408437,0.9923862379571868,Good,Ann,FFC,TSUE
-7,0.0007061745246379788,0.08822708811686363,848,0.003029730644820767,0.2330816192670998,0.9930870358370334,Good,Ann,FFC,TSUE
-6,-0.010127380300600198,0.08949709724178621,848,0.0030733429372256037,-3.295232750609497,0.983029665753516,Good,Ann,FFC,TSUE
-5,-0.0007170903565297485,0.09695558528528173,848,0.0033294684681903783,-0.21537682767709138,0.9823247446600215,Good,Ann,FFC,TSUE
-4,-0.004401702002734852,0.08043290773709189,848,0.0027620773916999537,-1.5936200831888245,0.9780008438641155,Good,Ann,FFC,TSUE
-3,-0.007383844186674118,0.11582974402029571,847,0.003979957105220432,-1.8552572280210942,0.970779438018587,Good,Ann,FFC,TSUE
-2,0.011026384927990747,0.1431356938382208,848,0.004915299906701226,2.2432781594787397,0.9814836257823586,Good,Ann,FFC,TSUE
-1,-0.017602466837280867,0.12494550087741091,848,0.004290646115843145,-4.102521243195524,0.9642070928081904,Good,Ann,FFC,TSUE
0,-0.005845090439892599,0.10908041339124142,848,0.003745836774794263,-1.5604231554413195,0.9585712151479407,Good,Ann,FFC,TSUE
1,0.015590822357153335,0.14384593353682615,848,0.00493968963808602,3.1562352089784946,0.9735161286799928,Good,Ann,FFC,TSUE
2,-0.007704870579852211,0.0890067088357279,844,0.0030637372668049605,-2.5148600904304335,0.9660153129011146,Good,Ann,FFC,TSUE
3,-0.006220706469531064,0.10177124724665902,842,0.0035072687951727003,-1.7736611685118227,0.9600060151944846,Good,Ann,FFC,TSUE
4,-0.020312711476060105,0.11783252385494632,840,0.004065608324134241,-4.996229310993856,0.9405056899925569,Good,Ann,FFC,TSUE
5,-0.01747461065034372,0.10646433429829305,839,0.003675557002955742,-4.754275511518747,0.924070719245504,Good,Ann,FFC,TSUE
6,-0.009039636306758358,0.12849229080182029,836,0.004443998802145244,-2.0341221294647225,0.9157174560218,Good,Ann,FFC,TSUE
-12,0.006288624198146649,0.06186842500825249,1040,0.0019184584188377363,3.2779569973460774,1.0,Bad,Ann,FFC,TSUE
-11,-0.018374955303696875,0.0819089051710139,1040,0.0025398873283448385,-7.234555288588818,0.9816250446963031,Bad,Ann,FFC,TSUE
-10,6.349349165134089e-05,0.07727834869591914,1040,0.0023962998674976585,0.026496471711465776,0.9816873714978832,Bad,Ann,FFC,TSUE
-9,-0.0028387778544252187,0.09023727950897902,1040,0.002798139253487108,-1.0145234376335868,0.9789005791277061,Bad,Ann,FFC,TSUE
-8,-0.0209593177563654,0.0983231490966489,1040,0.0030488714255445045,-6.874451175855088,0.9583834908378784,Bad,Ann,FFC,TSUE
-7,-7.974816706617032e-05,0.09055777458558563,1040,0.00280807738392812,-0.028399561750899267,0.9583070615111376,Bad,Ann,FFC,TSUE
-6,-0.012683219281906973,0.08666854198473095,1040,0.0026874774005774434,-4.719377092875944,0.946152642910592,Bad,Ann,FFC,TSUE
-5,0.013632076209485975,0.09966565841709003,1040,0.0030905008723556182,4.410960155819479,0.9590506678445558,Bad,Ann,FFC,TSUE
-4,-0.0014348184402389523,0.07281710004969186,1040,0.002257962419554842,-0.6354483262488608,0.957674604261209,Bad,Ann,FFC,TSUE
-3,-0.010331369491149564,0.11021876755878132,1040,0.0034177388952257755,-3.0228668157129874,0.9477805140722959,Bad,Ann,FFC,TSUE
-2,0.007449581049567378,0.1397266913029647,1040,0.004332740767697872,1.7193692050783795,0.9548410818290781,Bad,Ann,FFC,TSUE
-1,0.012910332485872233,0.12496954042045626,1040,0.003875140944446663,3.3315775273602903,0.9671683976666614,Bad,Ann,FFC,TSUE
0,-0.002795431643924553,0.10703443387656679,1040,0.003318996899446536,-0.8422519600397063,0.9644647445228202,Bad,Ann,FFC,TSUE
1,0.0016636983146128723,0.13163835853400843,1040,0.0040819322156312,0.40757617391145484,0.9660693228927862,Bad,Ann,FFC,TSUE
2,-0.002702150018027888,0.08626422866128414,1035,0.002681393600192978,-1.0077409067558811,0.9634588586545153,Bad,Ann,FFC,TSUE
3,-0.0018136181381383913,0.08988425071735275,1033,0.0027966198874340787,-0.6485036262122846,0.9617115121931094,Bad,Ann,FFC,TSUE
4,-0.0047281716763054975,0.1131684191559631,1027,0.003531344014596322,-1.3389156244087956,0.9571643750603811,Bad,Ann,FFC,TSUE
5,-0.01754560634594004,0.09784908970526236,1025,0.0030562920873293,-5.740814635708471,0.9403703457272139,Bad,Ann,FFC,TSUE
6,0.022381740058893346,0.1309576025970283,1022,0.0040964274538312214,5.463721818864537,0.961417470364372,Bad,Ann,FFC,TSUE
