mean,ci_lo,ci_hi,se,p_value,spreads,spec,significant
13.02130725122182,10.437579453816296,15.54284599904189,1.3144686279562374,0.0,"[11.71893108 12.88443614 14.79919991 14.5013842  12.8706076  12.73834863
 14.71550371 11.8721172  12.24888958 15.69002275 13.24124121 13.16564433
 14.00422447 12.74004049 11.65498032 12.42422795 14.10212818 14.85244716
 13.52892972 11.61883328 12.98624766 12.98673825 13.70331382 14.64741215
 12.36063706 12.93977363 12.32193835 13.8267517  11.80196243 11.74363073
 13.16473475 13.39454719 13.3667427  13.24164534 14.29417906 12.36930061
 12.10970321 13.62423973 12.25003291 13.55408903 13.96874276 11.3620925
 12.45579336 11.50433596 11.77033128 14.16141971 12.23141361 14.19838874
 13.14962714 11.28966746 13.68518704 10.96298437 11.23456315 14.54451142
 10.82508122 13.67143425 11.95162664 11.46894207 13.0548125  12.25455534
 12.56937643 13.4574447  10.84073325 11.82943853 12.56933809 11.78794015
 13.33051049 13.08201631 16.53686795 14.00673981 14.42107187 11.06457918
 10.88822858 14.07028001 13.15245869 14.72925253 11.35364465 13.5896943
 12.19217315 12.78983141 12.96781621 15.03061497 15.05330207 14.55899789
 14.57408611 12.56055138 11.38555899 10.95477948 13.4333437  12.86130866
 12.03172546 13.55390546 11.90148388 14.00765721 12.56933628 13.09519337
 11.32124404 12.26966986 12.40524332 12.60050301 13.73796428 14.80881941
 12.68577466 12.38687582 10.06169691 14.08784418 12.09446354 11.88745496
 12.926312   14.26903626 12.3583833  14.79105928 12.20557729 13.1116572
 14.40748441 12.16257781 15.85521719 10.59289616 14.41882257 13.85264734
 14.96652357 14.99085307 10.33638787 13.19713303 12.64890336 12.55720652
 14.64982823 13.20261287 13.54070827 10.3347546  13.65365381 13.90069412
 14.69075667 14.35557349 13.48103907 11.97620916 14.91909255 14.30499996
 12.9227441  12.80242672 12.62596451 12.3565142  14.17594834 11.12801004
 11.88392389 13.26913484 13.23195215 14.77544052 14.70666613 12.65459387
 13.12030617 12.34056335 13.30081301 11.60987029 13.16844992  9.97249473
 12.91919887 13.86907927 12.0695077  11.18375308 13.46247588 13.42482375
 15.063375   12.24525552 12.66558861 13.38661244 12.37518509 13.16449845
 13.14418294 10.8436291  12.46444278 12.7170387  15.97246313 14.16028912
 13.70467261 11.83606679 12.89329403 15.37150344 12.80451042 14.62918104
 15.05678619 10.81795919 13.99441486  9.92009616 10.7497075  15.25465369
 14.83183988 11.13565185 14.99164465 11.41585863 15.47213972 12.87545221
 14.89929642 12.30040253 13.80688287 11.92147178 13.30858663 14.19390745
 11.51000418 14.02990433 14.32062312 14.50230083 15.28686102 12.88359153
 12.3155039  13.43670103 12.26584088 13.50713822 13.0901745  11.73137973
 10.95359759 13.25965456 11.28677274 11.93672728 13.80136512 13.5317634
 12.77518432 13.21865382 14.28328694  9.64124538 12.12221096 12.69288975
 13.54313759 10.5605534  13.29810655 12.10950089 12.59335279 10.66683473
 12.1334049  13.51799896 10.00178133 15.35374271 14.50573112 14.06995039
 13.07941356 13.81140133 13.24969783 11.67096418 13.44658752 13.38802623
 13.02174154 12.14789747 13.8010033  11.33387524 11.13731451 11.30801146
 14.32727399 13.87725765 11.25662514 12.73071448 12.03022835 14.25004373
 12.11105996 15.10936309 11.00715334 14.73123542 12.70435819 14.09380184
 16.38907025 11.23837434 13.83895656 14.35505995 11.02113446 15.05166539
 12.27961388 13.69185844 12.516012   12.26136862 11.02804457 15.35729577
 13.10742502 13.93681524 12.25194853 13.31952117 12.70652832 10.54454001
 12.15666121 13.9005592  13.39807941 13.23963304 10.72127188 14.98576435
 12.32509433 14.14693292 12.91019279 12.03521381 12.34412789 12.11594267
 12.32216977 11.92024415 14.35956896 13.72558239 11.60805816 12.82112896
 13.56048772 11.76532946 13.02673896 14.493444   13.67989096 12.13664463
 13.64141758 13.09328681 12.95646702 13.60958992 13.37966886 12.81024818
 13.72634    12.47510419 12.60301639 10.62598317 12.46728768 14.9226435
 12.09796826 13.36548443 11.15559562 13.06971462 14.79436967 14.59857947
 13.10585107 12.33086658 12.42977926 13.35076763 11.80788622 12.67619618
 13.35431067 10.03177279 11.26482918 12.87549214 15.52743178 14.57734401
 12.83479314 11.9747085  10.70000724 12.14781339 12.45261075 14.74362392
 13.80361133 11.8502553  12.66545654 14.53767605 14.66753853 14.46437813
 13.17561871 13.23942933 13.0387256  15.53960035 11.91000678 11.63645191
 11.60936092 14.10155591 14.63789208 11.64854356 13.87337841 14.98996882
 14.97155016 13.31935236 13.40511301  9.71835013 12.86647201 15.78875024
 11.14401526 13.13166777 14.85202226 10.91697259 12.79166727 13.67203291
 13.40177091 14.57649984 12.22145775 14.74929425 11.39711002 14.04870603
 13.06011277 12.29348891 11.45716237 11.4673583  12.30250932 11.63140658
 13.00339782 14.82517967 12.42672515 12.77091769 12.58482319 12.82636803
 13.58701769 12.99994545 13.51737961 14.14381108 13.85797764  9.99067753
 12.28196366 13.17596282 12.64328801 11.51316198 14.48560984 14.45801556
 14.78872542 13.17382101 10.89961147 14.17063921 11.83278402 14.1910943
 13.53478836 15.11595512 13.45614659 15.27705316 12.70179423 13.25709125
 14.91506047 13.22353423 16.33255086 10.9750324  11.32606253 15.49647825
  9.64076247 10.89767063 16.15442779 11.89673242 11.6531782  11.49124376
 13.50478611 14.85585483 12.07395372 12.38936916 15.43071664 14.02079493
 13.44096139  9.6581789  10.13623667 12.54382424 13.10956238 11.60146593
 12.64427618 13.98736659 13.70635918 13.01095061 13.92194969 12.39921127
 13.30327139 13.33902755 14.16475428 11.13848698 13.74826709 12.86015723
 13.20325758 13.16517558 14.04687316 10.20544823 14.60319858 11.69610394
  9.84954661 12.59743502 12.11595486 13.11858238 14.11113684 12.5123289
 13.83357103 12.07957052 14.11693384 12.21166018 11.97292193 14.36503022
 12.59138     9.96305088 13.23762181 14.48798421 13.23963313 13.2785449
 11.36083852 12.35996793 15.47316664 14.54942717 12.19574659 12.77827251
 12.77984333 13.05739783 14.26828306 13.52505358 11.63327711 13.11675924
 17.07798561 10.06039947 12.79245322 15.08888135 15.39452004 12.27778771
 12.23985087 13.26101395 10.97512282 13.01666852 12.98387216 13.32110817
 13.16050027 10.91209511 12.45939628 14.28059442 13.72624357 11.41896613
 12.47851296 12.01990932 12.85979923 12.88486721 13.61796347 12.72564265
 12.93837332 13.66686521 13.19114409 12.69254224 15.32492455 13.52786868
 11.19807631 12.92160183 10.9320333  14.22711777 13.92449743 12.49550632
 13.38037661 12.44302846 12.08878068 12.91766014 11.6863453  12.24916451
 11.42260297 13.92312295 15.96242044 13.07619621 13.53227287 12.39680321
 14.01175667 12.88038738 12.15559125 16.23200779 14.86738907 12.76151645
 12.68818525 11.65112817 14.73730116 12.37337051 12.97920536 12.62343094
 13.67098004 12.90717939 13.04992979 11.3231679  15.20510141 11.65911953
 13.71664838 11.96798587 14.03666491 13.7109992  12.6521264  13.55029206
 15.64385664 12.73996371 12.8712303  14.21681121 13.99290073 11.46096422
 10.70947628 14.36912011 11.26388003 13.28649467 16.46142102 12.77878442
 12.96333753 11.36359814 12.6016814  13.5957714  13.62615163 14.09320043
 14.74681932 14.10753199 11.46036614 15.05352035 13.16786842 12.42408732
 15.3819974  11.02576162 12.73538523 16.54696077 13.80932349 12.93769762
 13.13640326 14.60581686 12.54564579 10.68350367 13.12682267 15.42570043
 12.64041907 14.05715386 14.91163843 14.22478584 13.67631199 14.54396525
 12.62461314 13.30776918 12.70044655 13.45833605 10.83653905 13.64120203
 13.33917863 12.51240266 12.72993093 13.10110231 14.24959109 13.5619942
 10.60579265 15.09244943 12.42618007 14.37682854 12.44195371 12.68375037
 12.19445625 14.44690011 12.6676575  14.20483917 13.48971148 12.40019234
 12.81342541 12.97581684 16.15173017 11.68743447 12.22449325 12.58626464
 10.76553471 13.27934882 13.05177998 13.49826444 14.14523941 13.45448155
 13.47904748 15.8282111  12.93028329 13.75723301 16.59376843 15.12603803
 13.38727967 13.42805251 11.90149364 12.98051941 13.42673658 13.1602704
 10.51939091 10.25577653 12.25807029 14.8070682  11.42182742 14.35122389
 12.49148703 11.79785738 11.78345152 13.01523663 15.57571279 11.38896606
 15.45520793 13.17585796 11.44654945 13.78772654 16.24225022 15.2069978
 13.87104454 11.62666407 13.71224222 10.27719997 12.12755503 13.09633985
 12.25449079 10.73052982 11.66170337 12.07778408 11.87925676 13.64613861
 13.64555106 13.69142626 12.10830878 12.10197945 13.18391205 12.12511996
 10.43759614 12.39192685 13.75635271 14.88114087 14.30918619 11.67200524
 11.64989958 11.48177346 13.5033571  13.30238206 12.3593908  12.76221666
 15.323352   14.53247967 12.68152148 14.3452741  12.17910567 13.51652187
 14.29988515 13.18538145 13.39484363 14.09202488 13.49134621 12.384603
 13.26375513 14.07473281 13.25730143 13.14674797 12.78872282 14.03866488
 11.54918471 13.97869292 14.35371395 13.76951006 12.30235612 13.98853228
 11.93597045 13.3442856  12.20121471 11.06070527 13.69137563 11.71026858
 11.53524368 14.06838023 10.98452732 14.07723364 13.22465719 11.40068388
 12.79706113 14.42912443 12.57367412 12.97666075 11.63155512 12.19075242
 13.60089529 12.16727686 11.66353289 12.83542534 10.91729407 11.64381037
 12.35588769 16.05332708 14.51870267 13.79971231 13.77722631 14.10611045
 12.36220155 12.23109221 10.85225735 11.52159496 13.41134578 11.12342934
 12.7039476  13.5166528  13.24325734 12.67680058 13.89625956 14.67419923
 11.25908182 11.57771853 11.82283522 11.49013621 12.40452862 11.62645316
 13.14452348 11.77246626 12.90485618 13.15194418 14.21737459 14.42913494
 14.15291249 15.17248783 14.08887018 13.48919072 14.54482458 11.5876887
 13.06675247 13.56168359 13.67917441 12.21691439 14.64125592 13.25354804
 11.77808702 13.03412173 11.36634569 13.1332552  12.77235477 12.67318082
 11.44883698 12.80949037 12.80024403 12.94499258 13.79414016 14.77537866
 13.08592582 11.97129818 14.11470254 11.9438527  13.25742762 12.8946756
 12.29841121 13.1395312  14.40443615 12.22987905 10.30003397 12.33120146
 14.47826807 11.15676421 11.70474316 13.75462873 12.19774348 13.5728519
 11.37183499 12.020562   12.17716353 12.74842152 12.29931015 13.36734008
 14.13621749 12.04985406 12.18932735 12.18092957 12.17527063 11.44536379
 15.35519849 14.24428626 12.40191926 13.95185252 12.30379209 13.88140924
 12.54787339 13.40825506 10.006392   13.83740682 13.27661684 12.9210997
 13.65198869 12.0384874  12.51685307 12.53442464 13.85708497 10.60819829
 12.41617527 12.2046945  12.29712734 13.28243952 12.73738991 12.36336858
 13.19869303 15.35532185 13.89065293 14.66484639 12.51955845 12.75137339
 13.71566103 14.80909839 14.24069558 13.69998768 13.43744145 11.78982363
 13.86978878 14.71463488 13.27744058 12.23460352 12.58234886 14.0526688
 14.9173489  13.63204677 10.56555009 12.69392545 11.43122128 13.86532352
 14.92524299 12.5630903  10.24478518 14.15613329 13.01442602 11.95285089
 13.28673092 13.51888933 13.20759485 15.10686269 14.42456205 12.98767698
 10.69769522 12.97773888 11.93685892 13.94196266 14.62492461 13.9909492
 12.59245079 13.29251532 11.08645643 11.24649325 13.01127253 12.40098843
 12.58048332 14.13999521 11.99269073 13.82819379 11.47964151 12.40877715
 13.76266928 13.455782   12.70866663 11.46956186 12.15394744 11.96265964
 13.88623788 13.56672122 13.43782046 16.34015161 12.81040598 14.72112361
 11.41121343 12.7421145  13.61615426 13.26722399 14.50419836 12.01815943
 10.6865868  14.22886395 13.67314864 14.57411466 15.7637937  14.67474081
 12.79623216 12.39145139 12.37319474 11.81484374 12.11514379 12.06028852
 13.78402327 11.36109689 13.25389516 13.23652031 14.00714422 12.47583033
 10.43692868 13.75883601 12.29666774 13.66961212 15.4461559  14.65485193
 13.63329104 11.31464091 16.46436268 13.87712946 11.17015458 13.06550504
 13.20686966 15.08652892  9.9245171  11.85719488 14.67616971 14.06638516
 11.58299229 14.17224693 12.55686173 13.03900132 11.56691281 13.57150525
 14.2384971  14.09319327 12.18061256 11.52687716 10.55381337 12.39489716
 12.09520683 13.22311458 12.76393016 12.6996573  16.73836465 12.60620988
 14.14902464 10.79257653 14.38649122 11.22449092 13.50088568 12.72381374
 10.06276551 15.08736585 13.69072879 14.6428878  11.95470272 12.60670644
 13.11794339 12.17745199 13.34241945 14.39041644 14.55326873 11.362439
 12.33504045 11.40847384 13.21555495 12.43818062 15.93196497 15.54200326
 13.53907265 13.48331646 14.3168937  11.95145465]",B&B Exact,Yes
6.980838256906108,4.323140982280957,9.633033094998416,1.372506628837601,0.0,"[ 8.24852496  8.67342275  4.52704349  7.99685112  5.48279097  6.63060911
  7.65665584  7.54224481  7.41428677  6.32010589  5.8904355   6.22891866
 10.64258364  6.39829543 11.26652883  8.45593417  6.41873405  8.29099065
  5.4778672   5.27753563  7.69366262  6.52932343  4.56273734  5.54918566
  7.3519145   7.953971    8.01118863  8.53081071  7.71176707  7.32833261
  9.95766083  7.18754645  7.93693782  5.59212026  7.51027026  6.58097863
  5.26368386  7.79582279  6.4198363   6.26991821  8.27422327  8.31086217
  8.06497861  7.75829739  7.52749044  6.73959147  8.80611146  8.29737502
  7.0105073   6.72432083  6.8076917   5.15523574  6.77518021  7.54773777
  7.27999651  7.24531847  7.00680918  9.66172492  5.97038474  5.1434988
  6.02830653  5.21438403  7.00758316  8.11405861  7.55047633  8.14369615
  6.87964118  6.72080517  5.90024547  6.15672601  6.79065025  7.37436337
  6.8758745   5.80220167  7.66338593  5.76042314  6.15863569  6.0287725
  7.98838207  6.71861929  9.87498886  7.34758699  9.32239428  9.06112424
  6.6077256   8.24302881  8.10466888  5.90833571  3.75956825 10.1474931
  7.21157807  6.12817428  8.19165365  8.58149635  7.2818904   6.38280887
  7.27651722  8.05079934  5.10110756  4.06289859  6.5501165   6.26412174
  6.95261357  9.4655146   5.25810468  7.87419299  5.78159974  6.91048455
  8.48805275  6.4239563   5.55966703  8.05090931  7.57213069  5.43297811
  8.13731128  4.24270002  5.53259714  5.48065272  6.92830818  5.91150155
  6.07065064  6.8531331   7.48278528  8.43819923  8.73448093  7.78463411
  6.21643433  6.18735347  5.45270756  6.87034576  8.97672673  7.0827462
  8.54876758  6.82069735  8.35978536  6.10135997  9.37666451  5.63878908
  8.72086732  5.54775295  6.4216016  10.43619812  7.35633108  5.32828044
  6.78153094  7.48024472  7.57142032  5.14087913  8.50016318  6.39019928
  6.75065945  9.18432318  8.31691836  6.50226075  8.04917784  6.39540581
  7.62526643  5.98762255  7.69644862  4.42935316  8.27399747  8.45097854
  5.36892064  5.54024579  7.21305317  5.59726082  8.49085683  6.14342932
  5.38221643  8.86189725  7.03476048  5.89079628  5.70679972  8.16921365
  7.51578746  8.90740589  5.84870445  8.75029877  8.17628333  6.20634293
  6.11752514  6.08737199  7.23310238  5.33921182  3.64483806  6.37068729
  8.16499975  7.83746523  8.66396214  7.05045299  7.34846709  5.50525747
  9.18938469  5.85393957  5.28054946  9.36919152  7.90471625  6.15611024
  6.36678071  9.34456379  9.38410632  7.01280828  4.81227451  5.41874282
  6.16871606  8.37105311  5.52688444  7.79639673  8.7594182   7.53914393
  5.48832291  6.24611663  4.00875995  6.31827818  9.26558852  9.05774122
 10.31109321  7.03919008  6.3422939   4.72348023  6.3958415   6.45703505
  4.50881498  3.66400556  6.77614426  6.47768149  8.54218598  7.20181388
 10.67068977  8.17601673  6.97010174  3.47261147  6.35339675  5.88738782
  5.96962931  7.45978448  6.32151213  7.28042829  5.82172545  5.11388295
  7.439197    8.29521123  7.81999536  9.56841137  6.21549298  6.00166489
  8.47122438  5.90019086  6.01742419  5.61820504  8.30012181  7.54950769
  5.49932853  8.33737111  6.07022632  9.79776274  5.3532776   5.00765679
  8.02522462  7.98931561  7.20424057  5.85357515  5.8509761   9.16345934
  8.15657632  6.93669127  6.19089972  6.07573238  8.04584786  6.83942833
  8.85282102  6.92902486  8.60988923  3.84093337  5.84210158  6.81822397
  6.90258846  6.75419952  7.27573406  2.97580764  6.83008488  8.25786043
  3.88090135  7.98250737  6.73878051  7.04104075  6.64487881  6.58779966
  6.74855276  7.59462482  8.33314822  6.70174413  8.18752754  4.859901
  8.32873615  8.85950466  6.6022194   3.54013374  4.95084559  5.09882388
  6.61677511  6.2640135   7.27578525  7.5284747   6.52421588  6.329843
  6.97413299  7.58602501  6.41204745  5.96382195  8.65231695  8.61544109
  8.35472272  6.20841439  7.42925803  5.35361211  7.78050079  5.05720519
  3.9700367   7.97260348  5.75721479  6.02042784  7.57382335  6.87632705
  5.9204817   5.47428577  5.22057829  6.81286123  6.5577006   7.35549892
  8.06860606  7.10263047  7.94115545  9.94752927  6.73002796  7.69797849
  6.36868367  4.30712977  7.62876008  5.09670803  5.91515177  6.21189542
  7.2223461   7.01559395  5.69506879  7.04344887  6.38146308  5.08316014
  5.60525804  9.26156624  5.98170025  5.32341908  4.39300255  6.25584067
  5.23845353  8.03832453  8.30334026  6.02443099  7.31723168  6.77819434
  7.26631579  7.10758233  5.25229349  8.88356907  7.13509684  6.3844836
  7.06949727  8.20017822  6.720157    7.02801936  8.07946499  7.28890755
  8.07124149  8.60192245  5.69763347  5.6908082   5.61948885  6.5640519
  6.76662534  6.88995877  6.5281367   8.38482194  8.15646657  8.18294257
  6.05397734  7.85012166  7.7068358   6.54216387  7.29040073  2.82343514
  8.0068342   8.2808709   5.4818273   6.59077667  8.91698714  7.33145978
  6.90623527  7.75097519 10.01962868 10.05558478  7.72812222  8.55086455
  7.15622604 10.62498206  5.81852039  5.45400775  6.26017894  7.66185795
  7.22929112  7.16140251  6.72525166  5.82494108  6.68313737  7.07236227
  7.31444453  7.3669444   6.08535269  4.4428297   6.80513615  8.27265981
  7.4007539   7.29593882  7.00421368  6.83627864  6.39115747  7.42831127
  7.72553281  4.60241244  8.85453933  7.99093091  4.7758631   8.36546352
  7.29035518  7.03133835  5.95302581  7.17865169  6.16867356  8.50979296
  8.1524755   6.69331682  3.31152267  6.48383059  7.83354035  8.59449857
  8.25431974  5.9760876   7.11539319  8.05002331  7.43164651  5.66308955
  5.09739589  8.17934957  5.76798513  7.24489115  6.15422243  5.86220429
  5.54020178  6.31498724  4.56219356  4.92974865  8.86970206  7.45656564
  9.48383623  6.43729689  8.29158     5.76055579  6.0118343   8.25464597
  7.71739656  5.30055056  6.56529469  7.30930712  6.71816208  3.02669249
  8.11542973  4.05303727  5.47888955  7.46950938  7.91680674  5.41296023
  7.26667975  9.96841745  6.64168941  5.93578518  6.0906582   6.2817419
  8.07500103  7.426492    7.86512053  6.55025502  7.82861156  7.22376215
  5.14000437  4.49401269  5.55541262  6.65679959  6.50289702  7.27873285
  6.7925434   6.04340048  4.69079869  5.83201815  5.31720452  5.19681252
  6.9043152   4.84020467  8.77377005  9.08616495  7.76775062  8.34084171
  6.51420129  6.82074598  5.02111338  6.28251168  8.65523784  5.46741396
  7.39016868  6.03146105  6.89419678  4.8807728   6.19306319  8.03207742
  6.85155081  7.22163122 10.07043729  6.63164944  5.78582936  7.22423256
  9.23670472  8.60326528  4.03257732  8.57422108  8.09105454  8.58959309
  7.17430756  5.1279015   4.79814476  6.48619501  7.16708609  7.29534806
  7.58266868  7.00313604 10.01236022  8.91661875  7.49010735  6.6975186
  4.72172027  8.05219076  8.15566735  5.4994939   6.3506739   7.7176716
  8.78187544  6.17954953  8.06828106  8.09801078  5.37693125  9.10056116
  6.74769747  5.69235447  5.36506598  9.53057804  4.35552928  7.82153498
  6.25696804  5.24117558  7.65809268  5.15810484  7.35624345  9.52622297
  7.45662808  8.31451302  7.30157783  6.79501511  5.8314417   5.57891674
  8.84073026  6.39608428  6.14588607  6.00484135  8.0261147   5.267695
  6.95208769  9.79591965  5.7984401   5.94670727  8.18501023  7.23240652
  8.04142251  5.11465867  8.71439748  5.40668786  6.41123796  8.75924973
  4.99757811  7.48502437  6.61733292  6.782367    8.00210894  5.76331384
  6.81367287  6.68851555  6.95747586  6.50269719  8.1878616   6.78230017
  5.18520724  8.22021281  7.42111406  8.00918944  6.43004752  5.97248868
  6.69836206  6.86044091  6.28226634  8.15635207  5.30829813  9.05376145
  8.06727246  6.16406843  8.95526223  8.79579033  4.80832139  7.0038812
  7.96053756  4.76783672  6.0762459   8.57047512  7.73626492  7.50342055
  9.89871391  7.3659448   6.96873077  7.0641942   6.71123359  5.67144411
  6.48665678  6.70760264  6.61105254  6.39200361  7.46618224  5.59234075
  8.13247156  7.31684163  8.14129397  8.00409877  4.10041221  7.09470451
  6.20729426  7.72658706  6.54017287  9.52227114  7.97149185  7.81285096
  5.74073361  6.60074379  5.33161342  7.16459333  6.36774529  5.54090401
  4.97805943  8.53782259  5.06693497  6.62517293  6.37928895  6.87583796
  8.45400965  6.86153821  7.74579998  7.29641532  7.50311252  6.95584259
  6.67601432  7.42086717  7.38149683  4.8957237   8.0026723   5.57333645
  9.24075696  6.07413236  7.39215923  5.99361005  3.46154829  5.24880613
  7.03947677  4.63171825  7.06160789  6.77870516  7.34269416 12.08949443
  5.56698788  6.07942712  6.91205753  9.93252053  6.00872874  9.25177834
  8.57501696  7.80551074  6.02620833  6.91958846  5.72418218  8.50671067
  8.39830181  7.40990758  7.4503683   4.40784302  7.01234981  4.12767152
  9.3934804   6.79423335  9.51327277  5.21015721  4.98048817  7.57011663
  8.97539585  5.93670119  8.90052561  6.48813323  5.57584409  6.548334
  8.81051993  5.88361239  7.46385256  6.74580933  6.13270079  7.9890843
  6.34105083  9.02943005  4.68583893  6.43606173  7.0285088   5.59700944
  8.1136802   7.80059836  4.32355153  6.95849248  7.54764883  6.74659683
  9.54870651  7.26369672  5.99445214  6.83900224 10.30488064  7.42592743
  5.97653816  7.29311995  6.7728387   5.51472229  8.31569429  8.96025326
  5.35351033  6.28262862  7.43643433  5.32349875  7.72543872  9.22609067
  5.48584321  6.3632876   5.27211331  4.97115671  7.2841572   4.48790044
  8.86567135  6.29582475  8.0696719   4.90824525  6.51578365  5.48728761
  7.61495913  5.12705719  7.21741696  7.18438166  7.05372468  7.42038343
  8.08488225  5.68849276  4.86665935  7.1235782   5.38829236  7.96855115
  8.74328509  7.59680657  8.49642092  7.6923692   5.18282582  8.19031921
  8.85312334  6.22015179  7.93450075  8.59784813  7.7658121   7.26827556
  7.93716983  5.79324992  5.9343569   8.92760494  6.81085057  6.98737208
  5.84309794  5.00820483  7.38828268  7.73087872  8.16762822  7.11711492
  7.07412598  8.39446672  7.67770027  6.25041602  9.40457712  5.91558938
  8.27366243  5.56347398  6.4668858   4.89839301  8.49624722  6.31667123
  7.79048955  4.29645646  7.96905785  6.69030173  6.20761119  7.58712284
  7.90067155  6.55206095  6.09270174  6.31326335  8.78261349  6.08216941
  6.04624745  7.22517334  7.94959738  8.67702549  6.52406877  8.20133197
  6.46338958  6.79527669  7.12762648  7.06014466  7.53787202  5.73829699
  7.67449552  8.27275113  6.36656826  8.09011839  7.83842607  7.81493665
  6.82008224  8.12604833  7.59408875  5.16279524  7.44753308  5.82632583
  6.69239486  9.21183726  7.80115653  5.51304174  8.72140953  8.12718955
  6.82212966  7.34471569  6.84708108  7.41371098  8.06865034  8.28516247
  9.11679025  9.01912074  6.03114319  4.50749361  8.29299012  5.75518218
  8.52533953  7.63585413  7.07122649  6.03810887  5.4240763   7.06337961
  8.79051722  6.94592533  5.73902473  6.51853399  6.15508027  8.10347409
  5.22313296  9.01717588  7.54974732  4.19064102  4.96091803  9.35238692
  8.56243385 10.74433456  6.70433252  7.61287134  5.70944469  7.0828441
  7.41929373  7.96132598  6.18858214  3.32658692  8.22978762  4.54308797
  7.62024195  8.82695992  8.07864213  7.75264292  5.84346636  5.26870777
  7.58823921  9.12689613  5.48219063  7.37999333  6.24794662  6.90356482
  6.98026455  6.35275961  6.19522943  6.09813574  4.98227656  6.63816068
  7.53902349  5.26095301  7.64031206  7.28661236  6.7201228   7.82573678
  6.65143555  3.83303541  8.79837398  7.3758502   6.69229775  7.62393907
  7.26676432  4.46427324  5.62244159  7.21819575  8.13372541  5.97360195
  5.5280727   6.74677744  7.14927553  8.50126942  7.18648722  7.15025654
  7.72901744  4.93760678  5.67923214  7.42672257  8.29518931  7.97854791
  6.28248677  9.63229741  6.09443052  8.76834719  8.0866549   8.65553539
  6.96503913  8.94805669  8.59237713  4.33398751  7.62119297  7.77144072
  7.41727524  7.22934494  6.19539706  5.72135614  9.77714822  6.9551906
  8.35059541  7.46156616  6.22257397  7.36161253  9.00796247  6.52312648
  5.50173216  6.40522921  7.83260533  7.76610782  7.94771088  6.4120064
  7.87064011  6.71442303  7.11240489  7.21319388  6.43138178  7.9286884
  7.09451733 10.35215962  4.66282159  7.65089708  8.79642775  8.78506613
  7.37419432  8.96973865  6.30612945  6.89945292  6.89255705  5.88080368
  6.56818699  4.34860215  8.15759667  8.38462938]",Simple EW+SUE+FYE,Yes
8.987650279540922,6.365040668993443,11.711698877164352,1.3943303512105936,0.0,"[ 8.79362441  7.87874039  6.87587065  6.81268944  9.19223022  8.0873636
 11.38159601  6.83377842  9.65520678  9.75650158 10.89097205  7.34316169
  9.74827337 12.80572844  9.10990986  8.82516523  8.78906446  9.54833348
  9.8687862   7.79563187 10.12181519 11.73634752 10.08196517 11.11362475
  8.17947664 10.8310811   6.34365401  6.53901361  9.33734807  9.07446245
  5.89664098  8.96997567  9.80700523  7.58527467  7.90304934  7.7962698
  8.03067457  9.42534986  5.82159005 11.71106686  7.6875868  10.87974907
  7.44815536  9.72695054  9.34514697  7.34312068  7.5428876   9.09682261
  7.91201569  9.77467512  9.30383575  8.36329084  9.79196875  8.67120798
 10.41816061  6.78640976  9.25245827  7.8433466   9.40923762  8.68104588
 10.84219837 10.17347283  7.9041754   8.49817532  8.09109999 10.98370246
  9.00620937  8.1423951   6.91726171  7.6441301   7.63418207 10.11063355
 10.63703448  9.58865187  9.8882557  11.25010166  9.90536082  8.62192498
 11.20521683  9.76742423 10.04047121  8.92899375  8.78153834  7.48031402
  9.14471467  9.57312274  7.76675976  8.55094706  8.38323822  7.77502752
  9.66514202  9.09912673  6.93208099 10.22416106  8.67352887  8.58089145
 11.08065151 10.21340206  7.33758801 11.4908975   8.83117349  8.21436748
 10.65404152  8.2726416  12.31759196 10.54901107  8.97288128  9.40532828
 11.26504796  8.86871442  7.88815262  7.215462    7.10280715  8.6473858
 10.7882476   7.4447683   8.34041887  9.70416906  8.94918559 10.10456872
  9.22862042 10.38357746  9.66661357 10.27058932  8.88396856 10.51927932
 11.94018155  8.77947373 10.01862465  9.40219589  6.36557169  8.9827729
  6.77696095 10.88405133 10.56895432  7.24622325 11.88031316 11.2181344
  8.81752287  9.50041218  9.6763697   8.88885872  7.67149857  7.1287777
  8.31044382  6.62467019 10.95089759  8.02430977  9.46986603  7.38952101
  8.38649627 10.17861289  8.68446959  9.1766552   8.49781796  9.50946269
  7.19984308  7.1464253  10.61671416  8.10951089 10.42380664 11.24812049
  8.12283978  7.66881235  6.42279     9.66121157  8.16568459  9.72532055
  8.56669812 10.25526944  9.13824857 11.5159645   7.95185162  9.22431592
 10.03540865  9.4018624   8.98718329  8.35813903 12.16966659  9.23832363
  8.24037246 10.46462727  6.77812872  8.10893498 11.54172735  8.22360208
 10.78930347  9.42735996 10.21165389 10.31897715  9.4932041   7.56933793
  8.74361271  8.15284129  9.91830751  8.08158918 10.29224336  6.94683038
  7.95964137 10.81306008  8.48104631  9.28636879  8.60889617  7.79348904
  5.00904302  9.65779833  6.80113298  9.39986028  9.85172842 10.37335892
  7.23925908  9.19597749  8.60418971  6.90599476  8.87465121  7.79719647
 11.19617231  6.85817615  9.37615303  8.67279545  9.08228339 10.98936369
  8.57633295  9.40436046  9.17674134 10.80044058  7.66017723  8.75798876
 10.25552006 12.50055244 10.42347506  8.23122491  8.14829423 10.20617712
  8.1218626   8.42762442  7.94090389 10.68198451  8.75462547  8.26487965
  9.26009574  7.6838317   8.84467239  7.45464243  7.66825813  8.34763941
  7.36970255  9.79319904  8.28077501  8.7466625   7.93061771  9.75049422
 10.10623207  8.70535619 10.03263242 10.42351803  7.39177933  9.02555072
  7.8675019   9.39738442  8.4502067   8.65000152  9.33466115  5.77801839
  8.34216532  9.67504556 10.04478736  9.67238419  9.4786218   8.03112585
  8.21652732  8.95206558  6.46912223  8.04136963  9.86001432  9.66701803
  8.07552175  8.73653246  9.62971301  8.16365931  8.35791227  8.07089634
  8.01439196  8.46716914  8.64224052 11.28862519  7.99670816  6.74347557
 10.56986025  9.02680245  8.25502794 10.39121249  8.87663936 10.79270431
  7.9473751  11.20313193  9.62997722  8.38567113 10.39389993  8.95399116
  9.74209257  8.01105482  9.9667913   7.03866145  9.56281333  9.65596647
  9.569397    9.99114942  7.60268846  8.85159342  8.64336571  6.93298623
  8.61780085  9.06790512  9.59641461  7.89177866 10.57270229 10.66331583
  8.85163434  9.49815604  8.14098232  9.48693383 10.74342537  9.85578306
  8.48478793 10.17836539  9.46427316 10.67774477 10.01541977 11.14715625
  6.95527401  7.39100463  8.99048891  9.22460462 11.35973712  8.41413155
 11.43994066 11.35476889  7.87365288 10.6171492   8.36740369  8.69916964
  8.17350411  7.46825275 10.06073387  9.44255219  7.37441495  7.8102558
  6.36669589 11.17291306 10.70731116  7.86935438  7.22870353  8.4777947
  9.74530192  9.59799972  9.75303033 10.9755407   8.76014719 10.18902682
  8.29608737  9.06507619 10.57872178  7.24663908  7.71794294 11.17278898
  6.52688583 11.34422951  9.67828198  8.96670233  9.39748459  8.12031298
  8.72165539  8.34594495  8.65665966  8.666571    9.94264482 10.55485611
 11.17505221  6.83046054  7.64826605  8.3394354  10.79206298 10.84665858
  8.1758978   9.16511336  9.03978702  7.1859983  10.14194193 10.67492742
 10.03981759  9.03344333  9.15131314  9.57573956  8.40217862  8.34897971
  9.85590707 11.29540835  4.87168747  7.61666742  9.14043857 10.10961488
  8.44607394  9.36934753  8.95106836 10.78892302  6.80523659  7.70471664
  8.31733033  7.52579777  9.22200751 10.12549429  9.59703876  8.70216184
  8.84970623  7.53575995  6.45007744  7.06030612  9.24289577  7.32444569
  9.08285012  6.02739934  9.15397024  8.80252278  9.55695784  9.57700425
  8.71638801  8.07894414 12.22895063  7.75670534  8.13228512  9.72080777
  8.36406011 11.35289855  9.12569247  8.66212047  7.2513425   9.35890273
  6.99475574  8.64666231  7.20301717  9.57698712  9.02506805  8.66663626
 10.62483536  8.53519995  7.67601135  8.78313265 11.49628924 10.13350455
  7.30558214 10.80583088 10.72181079 11.09303265  6.74501093  8.24202237
  8.03538544  8.89997117  8.57462145 11.82209695  9.88452555  8.32104171
  8.43466166  7.07541719 11.15475718  8.17437386  9.30012755  9.69796166
  8.74352966 10.12947421  7.85670814 10.18881522  9.69670775  9.89457515
  9.70735637  9.40336019  7.44386542 12.23676628  7.76436562 10.56753652
 10.39440265  8.7461126   8.25456272  9.84235211  9.51344932  8.08512513
 10.249667    5.92285412 10.29938743  9.94636975 12.50246981  7.89824827
  6.75399696 10.97925806  7.88561943  8.07370103  9.74450875 11.21991211
 10.33940901  6.98212443  8.89522109  7.79209117  9.52395657  8.56689455
  9.82653856 10.74444456  7.5463869   7.86232898  9.85940237 12.61558586
  8.94869246  7.27331605  9.25820029  8.01565422  8.08249135  8.67444264
 10.43228724  7.52309675 11.31863454  9.88512585  9.11937689  8.35085419
 10.02777216  9.40373556 10.84370355  9.99658129  9.12919413  7.96188729
  9.44840113  6.4831899   8.44414657 10.70176258  9.56573422 11.60455313
  9.14548593  8.43018188  6.70235328  7.29019853  8.80439538  8.3265695
  6.47676263  8.61629421  9.80256611 10.20819734  8.51808003  8.75309102
  8.54162564 10.96521724  9.05175446  9.55942526  8.53991051  9.1215964
  6.63428505  8.43669343  9.34222349  7.23006864  8.67102648  8.89151829
  6.92963586  6.4773882   7.2668744   7.50558254  8.44431647 11.16434942
  9.08545441  8.0886546   9.36684568  8.93472415 11.25489919  7.78587829
 10.06923261  9.76536655  8.87078976  9.51895929 10.31432081  9.41815301
 10.89482692 10.36741187  7.23044511  8.98726213  8.42693261 10.32752369
 10.33410378  6.34433068  9.47527665  9.95464461  9.06280928  7.79364114
  9.8388876   8.41652801  9.12555709  9.53540966  9.66533839  9.1396074
  9.51799143  7.33138816  4.95370186  8.79545597  8.26749416  9.18264601
  7.96989657  8.61615239  9.23378216  7.77738354  9.94497137  9.13246946
  9.39120494 10.92770997  9.16550492  6.94834411  8.66237104 11.8687272
  7.04693704  7.69491501 10.69717623  7.59337727  8.06608835  8.65635155
 12.16552052  9.22425135  9.78019765  8.60057281 10.50835159 11.42320394
 10.63803384  8.12684942 10.03955524  8.74492633  9.82823546  7.93895773
  9.09479608  8.14212162  7.68291743 10.43180605  9.09980179  5.82980508
  7.24390464  6.66072597  8.53563064 10.44127838  7.94037828  6.48929327
  9.42964946  7.72929742  8.02384295  7.67417946  9.73955707  9.53741956
  9.07715269  9.05218844  8.27745215  8.84259697 12.05489156  9.99620418
 10.09150532 10.48143979 10.83130704  7.63089468  9.30814863  9.43137559
  9.36377253  8.88519402  9.12267119  8.33844555  6.9293132   9.79885074
  8.87635958 10.89415511  8.83374706  9.55603353  9.86409453  7.50273134
 11.29347315  8.18903998  7.80438089  8.68142058  6.14220412  7.40044629
  6.44283206 10.34596192 10.20133659  7.04169817 10.21042628  9.3477574
  6.95895582  7.69828074  9.70956491 11.87102592  8.49760337  8.46976226
  9.41099671 10.96842302  9.00473876 10.02898055  8.89203814  9.83586006
  7.7470384  10.6619587  11.44319426 11.12283406 10.37441236  6.11608858
 10.57941825  7.16800375  7.11807919  7.8395645   8.7249893   7.40009286
 10.18868006  8.15270069  8.8039696   9.26300713 10.71689793  8.55011241
  9.77410671  9.21837856  8.03239248  8.34885006  8.40777125  6.84342886
  7.39448535 10.51229647  9.87585808  8.05596771  9.1751851   7.31157682
  7.9155467   7.87007798 11.54982663  7.98444337 10.19975585  8.58646582
  9.45885308  8.80625409  7.40580634  8.77886729  8.11359773  9.93571027
  7.16768137 12.32863478  6.888947    7.43747463 10.27507531  6.54519307
  8.65334074  8.56149339  8.20800835 10.92736642  7.45369191  8.49942344
  8.68788387  8.50039407  8.14679239  8.10770229  9.74724697  8.45552067
 10.59203339 11.25664244  6.30935438  8.53479632 10.92871415  7.87047557
  7.0370705   8.89796363  8.10324375  9.85187447  9.06704215  8.46344052
  6.51402861  8.39017316  8.54903344  8.84030922  7.39023974  8.02705721
  7.25215705  8.72508353  8.88491247  7.94042057  9.82807292  5.86437391
  8.82655942  9.12574679  6.12842465  6.52354129  8.39154287 10.14775413
  9.33541393 11.54660544 12.42013385  9.82657007  6.07670493 10.13819579
 10.53533227 10.1319869   8.44561228  6.81343406  9.2974398  10.1647436
  8.16647065  8.5019756   8.33965822 10.62352065  9.61410202  8.86485997
  6.30275501  9.81935341 10.82223032  8.48131115  8.10885186 10.41294435
  8.19785523  8.79852747  5.960248   11.02053516  9.95130593  8.60884768
 10.91983465  8.80335593  8.57277822  9.31393337  7.68579504  8.91045696
 10.41057146  9.80023497  8.2454851   9.57871917  8.59993458 10.32280753
  7.14787758 10.65450613  7.74651065 10.0174471   9.07767988  7.66698975
  8.93079487  8.77299281 10.19808559  8.65068368 10.24342793  9.23096259
  9.60351525  8.25720152  7.95771287  7.28570538 10.72259913  9.59557827
  9.74836154 10.75815181  7.8771212   9.41563784 10.0052899   8.44313886
  7.62896524  6.00100352 10.04694232 10.87043243  8.39223361  8.56630703
  8.54535547  9.7652318  10.12100044  7.22543684  8.48341051  8.10594727
  9.12229338 10.34201207  8.30917446  7.62216624  9.42856176  8.96275422
 10.08845588  9.60304807 10.52436642 10.13379984 11.35235077  8.21008078
  6.62505615 12.9670345  10.67529803 10.69170339  8.66273628  8.74487903
 11.87056516  8.17821645  7.55519339  5.88210875  7.96068102  8.30293329
  6.70459028 10.78384195  7.50154304  9.2605136   8.55649234  7.04066768
  7.19640219  8.87290233 10.45030158  6.66388464  7.24407622 10.8221455
  8.14844387  8.79606422  8.2107561   9.48377546 10.95788874  7.50003857
 10.87924896 10.51919508  8.29212535  7.61623139  9.24179226  9.74281086
  8.18400902  8.41053553  9.33534952 10.78642174  9.02182627  5.39870312
  8.34560251  8.24854869  8.3529759   7.17832665  8.97337243  8.96563753
  8.27773941 10.1041074   9.29344834  9.752633   10.31417059 10.15128458
  8.58685114  8.28560469  7.98691327  9.23944157  9.26993097  9.04362421
 10.857816    8.74341176  7.49490986  8.3440849   9.21629459 11.35329033
  8.0012968   9.35444714 10.81587284 10.15089098  6.8089854  10.52117268
  8.48977155  8.98999276  5.97756488  7.59022773  9.42005605  9.79204965
  5.63005189  9.09619079 10.21746016 11.781141    7.31246071  8.01847614
 10.28988074  9.93454     9.12665625  9.29248742  8.07906306 12.95615591
  9.05206767 10.92630707 11.17440919  9.16251355 11.08640007 11.36590967
  9.94715022  9.15582781  8.55916609  7.55499888  7.70401357  8.94907183
 11.96384334 12.44133012  7.09196617  7.35411513  9.62269933 11.62178533
  7.56808532  6.77831507  9.54648264  8.29733094 12.40831794  9.70596353
  8.17969805 10.46784187  9.02700619 10.00020848  7.29623785 10.10687792
  4.25176715  8.27660976 11.02562083  7.79220546]",Simple EW+SUE+Ann,Yes
5.183723698631229,3.0984385778517645,7.380127381795273,1.1315935873300718,0.0,"[4.66070339 5.35811705 5.86198748 4.77327577 6.49229921 5.95717057
 3.83583846 3.22703204 5.17864378 5.22297934 5.24396485 5.7395337
 4.60291119 5.05981073 6.58228588 5.90936424 4.26940944 3.64266008
 4.1338346  6.30112864 4.09224195 6.98356112 5.01765159 7.90153212
 4.67652524 5.13203322 4.3663314  5.55469293 4.80070755 5.54620973
 4.44409169 4.46867065 3.23331898 3.9088559  6.73411981 5.21717141
 5.65525127 4.80252701 5.13256146 3.11743929 5.96754393 6.57031829
 5.73576402 4.96875275 4.76904316 5.44622014 6.45650199 5.73534969
 5.99859873 5.7187817  5.04077266 3.29768999 6.17253179 3.80342988
 5.96499063 6.50954831 4.79518795 5.51253792 3.31680552 4.93328331
 5.16006384 4.07015575 7.12696186 5.29138879 4.83092928 4.67912745
 5.50758758 5.56529959 4.9116676  5.71090869 5.96227462 4.3211343
 3.59866524 4.47036354 5.9416943  6.97059021 4.95721696 3.97692028
 2.55513396 4.99691983 5.74699043 5.57068029 6.76749095 5.56133387
 4.49314396 4.54119553 4.76588416 5.21528021 3.17125056 5.16933274
 6.02484472 3.94698859 3.73997934 5.82865785 4.85284645 4.66235389
 6.77741727 3.89275454 5.64144839 6.8226756  5.16215912 6.01492906
 5.19447247 5.38665562 5.16919366 7.33217521 6.02032842 3.41748326
 2.82362409 7.4379416  4.19496169 4.57942474 3.81944111 6.45145668
 5.47111567 4.63284714 5.55505184 6.51831847 5.03671322 5.69521627
 4.57666739 5.41585898 4.67058594 5.10501935 5.21795639 5.52949116
 5.36519255 3.4303392  5.48746963 4.58382987 5.32770658 5.81909277
 7.39546722 4.65587521 6.66450517 6.04956347 4.58782927 6.54949897
 6.72375115 4.80453782 5.71859746 4.52843801 7.18101009 3.64214047
 4.13662452 6.16366101 4.20688649 5.33514337 6.99263406 4.47121893
 5.73868032 3.51135738 6.63181515 5.57517027 5.80988411 6.70430179
 4.55127304 6.08786714 4.89129451 5.45524494 4.99964595 5.61045435
 4.76840733 4.30582896 3.98772308 4.54755959 7.40164886 3.77202138
 5.38345903 4.60187021 5.77544509 6.29793948 5.92469658 5.40845071
 3.82609438 6.78033    3.43571888 5.48989386 6.6751592  4.10138775
 4.21107205 4.50396734 5.11632638 3.50623772 6.75858092 4.61394082
 4.12136427 5.45522145 5.29537388 6.3598011  4.19110872 5.32981411
 5.37417198 5.24337515 4.42782086 7.15866794 7.38924419 4.04468526
 4.87946045 5.77198931 1.58388252 3.71656963 3.54339779 7.3483414
 5.48853273 6.2613459  7.06463749 3.84767239 4.43124405 6.22653346
 4.23996519 6.18903398 4.69329364 4.27272142 5.9466206  3.94907391
 3.42736643 6.78717707 6.35928773 4.68744136 7.33900931 4.52664331
 5.41159666 6.06787066 2.99967019 6.11122953 4.13582096 4.10344073
 4.9513884  5.68461028 5.21819649 6.44781686 6.73662848 6.88813824
 5.06165175 5.43981786 4.17299056 6.10381921 4.3588597  3.6082347
 4.58487763 4.97195777 4.67041498 5.71783361 6.70897567 5.03974336
 5.85142654 5.28834542 2.7251026  5.02604498 3.04625    5.77210706
 6.20089378 6.43022994 2.80615986 5.09366586 4.27922039 6.78671431
 5.93700425 4.6649543  7.50575661 5.52132855 4.99771302 6.17815175
 5.94730856 4.83557568 6.16344192 3.92258059 3.52950533 6.62892768
 5.07018415 7.15062088 6.94249873 4.07507448 6.80526571 4.13573875
 5.43371502 6.4322628  4.17515469 4.71979652 4.02487754 5.10518994
 6.13846918 4.17885247 4.81526676 6.11271816 6.07699142 5.95526179
 5.02256211 4.86674192 5.85008066 6.1676917  4.96144417 3.71645627
 3.86250389 3.64887035 5.19133103 5.93110835 6.8374655  2.55550295
 4.99443781 3.282271   5.75260069 4.70748102 5.3862712  3.31064284
 6.16425807 5.31232938 6.0953535  4.12438853 5.52925804 6.18559928
 2.86729417 7.14244186 7.18668234 6.5951825  5.28310821 4.00700429
 4.51531205 4.87583934 6.91752841 4.42739367 5.82038972 3.36717028
 3.37789472 2.88511471 5.21232121 4.9652621  3.66861199 5.16230889
 6.28781151 5.79371549 3.97356363 5.53182241 5.93557461 5.67502248
 5.33196474 4.60503701 8.11880172 4.27835964 3.97097255 4.51264555
 5.1612464  6.58869382 2.77382511 6.09738383 5.00338397 3.56946517
 5.03979685 4.01260755 5.09884502 6.17799663 7.24680775 4.75437733
 4.79435333 5.50917599 6.22521779 4.06449054 6.32103776 3.95377661
 4.24302245 5.72126444 7.49715369 4.69618843 7.74853501 5.14849146
 3.87459693 5.79939842 5.39325125 4.74809437 4.98091022 3.58941954
 3.48622151 5.90075153 4.49919013 5.4879632  5.42717843 5.16903723
 4.33690308 4.67807486 5.40908803 5.7963431  5.17235088 6.09978682
 5.5820094  4.7837418  4.09837541 4.29115571 5.46235889 5.49649578
 4.88268266 5.4058391  5.1691326  4.89388152 4.2500893  3.065443
 4.45405132 3.87692851 4.55297436 4.73789466 5.33939477 5.33604129
 6.17451181 5.90232912 6.16318998 4.77172053 5.84697722 4.57254288
 3.94634912 4.50659118 5.07268777 4.28964387 5.72552196 4.05482364
 6.94977828 4.62832217 7.42068125 4.68180596 6.33246792 3.86637669
 4.71626191 3.50016606 3.32307802 7.34771892 5.01097867 7.2276239
 5.458664   2.66732569 4.88099727 5.60782916 5.87939207 4.208939
 4.17658105 4.74934989 3.92944832 6.01716739 3.20980695 4.76125274
 5.43028593 3.87398769 6.5710295  5.16302316 5.13441954 6.343071
 7.81911044 4.57118969 8.08182396 3.9911949  4.20525295 5.37884079
 4.40046664 4.91454246 4.48890754 6.12825506 3.69616263 5.63669779
 5.08990112 5.14130191 2.50106056 5.57174618 5.50307826 4.3368989
 4.30519866 4.31678054 5.82713013 4.36929851 5.18817395 5.09179438
 3.84338893 6.10567292 4.13397442 5.19029413 3.83858138 5.49176624
 7.01162781 6.19173534 3.99171763 5.81124581 4.69872403 3.9933382
 5.78242188 6.09171351 5.67090585 5.65322011 5.23757754 6.29973258
 3.12828063 5.32884794 4.74186152 6.03597221 6.38668483 6.19987995
 5.32965956 3.88986053 5.56629312 5.4337145  4.04051509 5.3752143
 5.15142086 2.56001273 3.78326569 3.4945834  3.03607991 3.72450715
 5.25077338 6.77667191 6.55750903 5.15423139 5.25256687 5.57841171
 4.10314325 6.24705624 5.74124867 6.79884564 4.45379867 7.85933472
 5.44739358 4.30633027 5.36172586 5.6315463  5.78308962 3.69164508
 4.89004581 3.80245173 6.14378081 4.36556475 6.71000075 4.96250054
 5.42373478 4.56496674 6.99126759 7.37989362 5.39905682 6.40567492
 6.54185179 5.81564346 3.25414334 5.48241902 4.76111048 5.7617209
 4.98418265 6.1948051  5.84738506 3.73524122 4.66495654 6.10190513
 5.81672157 3.99553952 5.76688074 5.49972984 4.84512106 3.99187404
 3.97467613 5.56893792 3.30505685 3.67071802 4.99467264 4.14079166
 4.25129262 5.01277685 5.05066013 7.26266765 5.9660694  5.17712474
 4.20804908 5.70440273 5.06319399 4.66900842 7.29625035 3.36816675
 4.07269986 4.46057437 5.747704   5.85769411 4.26048487 5.96012849
 5.24220164 5.5526406  5.5410765  3.45675135 6.93914392 4.255622
 7.34238968 4.82948713 4.79807545 3.16310076 3.64171915 6.48309821
 6.48549187 5.76520881 6.06199973 4.75799199 4.91990366 6.95750707
 6.37811379 4.04252641 4.78148702 4.57562503 3.92012064 7.07124493
 4.44905149 4.06455001 6.25345505 6.32493694 6.78338852 5.49574653
 5.75610502 3.2567656  6.06274145 6.05105192 3.75428752 4.63820437
 4.77015713 3.58867767 4.64321649 5.10983966 4.19578928 4.93254707
 4.51748989 6.17156735 3.94993911 5.28993098 3.25552884 3.19103794
 5.18598331 6.9123501  6.15850722 5.07425975 4.03770982 7.50821734
 6.57440945 4.82727258 3.0825921  2.08832774 5.47800198 3.62574146
 3.90923484 5.23149485 6.79967716 4.77223568 4.87211031 3.20304185
 5.73020855 4.68005142 2.57212933 5.24574177 5.23710028 5.9876994
 3.47557906 5.26399099 6.39003227 3.51901727 5.41796327 2.86370059
 5.95531451 3.82375741 4.4252728  6.08602486 4.1775523  7.25223627
 7.50621431 5.60728335 5.82470442 6.86702291 4.53827582 5.19430976
 5.66083042 4.89046073 6.55589752 7.56212545 6.60263203 3.7174469
 6.67847733 5.92724561 4.89709057 5.25717578 6.31612226 6.10342455
 5.12267686 5.33551338 4.43407848 3.73691382 6.51128638 5.72718088
 5.6215209  4.27651892 6.14119876 5.80024058 7.27504673 7.27154348
 7.28476567 3.0988449  5.31682279 6.08732587 5.10796571 5.75201295
 4.66740346 4.41510102 2.81802443 4.2565454  6.07382813 3.26633934
 5.74911699 4.36974386 4.23658331 5.43843778 5.72272027 4.39907025
 6.28035255 5.76107941 6.36361586 4.20729998 4.36989756 5.83045216
 4.88042847 5.62204374 4.68936974 5.41646226 6.4227016  6.12912494
 4.51012694 4.19614086 6.81871542 5.21226057 5.75093699 5.79473603
 4.0355843  6.42997752 8.27523938 5.29393228 6.16438212 3.20684676
 6.89382729 4.88695791 4.52283253 2.3499859  6.98203895 6.01822745
 6.39637134 4.55512095 5.4615026  4.83335789 6.87808451 7.81743314
 3.3217507  4.79424414 5.1728808  4.86122013 2.00825507 6.38768779
 6.15874534 5.11683756 3.53015152 4.12741709 5.35884588 5.16726658
 5.12873675 4.95188916 3.11277109 5.18138792 5.55184134 4.76808337
 5.28592775 4.87505015 4.34187413 7.02591446 7.17113509 4.93253959
 3.9160911  4.66513408 5.73123221 4.28639632 5.4994961  5.76778302
 6.00462908 5.04469188 5.46165829 5.68876104 4.29286996 6.83142964
 4.35620226 6.20879805 5.40897517 6.43727108 5.12096694 4.45333968
 7.8203721  4.77010218 5.61249747 6.0194756  4.5193661  6.67522884
 6.41466717 5.74019737 4.63667489 5.18173302 6.61080874 6.00003356
 5.31551822 5.86283947 6.54031852 4.92671893 7.7766479  7.26933999
 4.61974568 6.2123961  4.02860644 4.81286857 6.62704745 5.84525183
 4.19353408 4.22934998 6.37018697 6.1371479  4.94683894 5.28353122
 4.52109353 7.51785576 4.40966683 6.10971536 5.12974163 5.06337922
 5.19254104 6.99961139 6.64390176 5.23052741 5.21336014 4.22574479
 3.31398825 4.66759494 6.0070323  4.83791083 6.25972867 3.17354852
 4.98570605 4.04309084 4.30223857 2.38782317 4.20090133 4.2853524
 5.22136099 4.96735549 7.41473501 3.83105166 6.87863815 6.34308856
 7.2089439  3.43510714 5.14641278 5.31816182 5.71439322 7.73544054
 4.67532924 4.25485507 5.57106648 6.71527916 6.16434282 6.8834025
 5.26366197 5.10651453 3.65708291 4.34079639 3.2293675  4.29249968
 5.99590705 7.73226511 4.18361793 7.66912087 4.32281166 3.45875467
 6.2637397  3.79963847 5.35319244 4.57917447 6.6354272  5.56225291
 4.18202478 4.28155504 6.12678909 4.09543859 5.1932757  5.92322639
 3.49447055 5.1851584  5.44264797 5.27128274 6.8004213  4.57573098
 5.66873242 6.4503223  5.34150618 4.84596733 3.54161041 4.58018972
 5.68196523 7.0070052  3.41860487 4.31142866 3.29805663 4.80869339
 4.22615239 6.37965467 3.21744737 5.29090774 5.39447313 6.97978328
 3.6687255  4.93480818 6.8386989  4.50635355 3.88827961 6.18375431
 5.16655369 4.55456132 5.22101534 4.50341899 5.82801399 5.4054632
 4.93083987 4.09422717 3.96764952 4.30937725 4.2715973  6.66257398
 5.84835792 4.28295796 6.08620151 4.30012677 5.8390104  7.30748591
 3.94212202 4.51673527 4.91036922 6.11347248 6.14403142 5.0543352
 5.74346392 5.12153119 4.8803542  3.19031781 3.96678589 5.60773757
 4.68251617 3.84156341 4.68394667 5.83666621 6.36683033 4.38386253
 4.53449577 3.83838595 6.96316802 4.84523872 4.20296471 6.02841399
 5.49150894 6.59634578 3.22190966 6.93214998 6.24411531 5.44519827
 5.99462004 6.18382753 5.82583088 4.50095119 4.41370242 6.16364181
 6.01815247 6.09253612 5.8374321  5.42966649 5.00272788 4.62851537
 6.00084673 7.08442587 6.55286234 4.84436548 4.16102096 4.76802211
 4.18980731 3.9480741  5.10797794 4.50716342 5.90587479 6.08400075
 5.77960432 4.41961623 4.23400582 3.91108971 6.32421654 6.18785686
 3.78034801 4.74475246 4.47406822 5.42280433 5.52151111 7.30379586
 7.08837221 2.31347386 3.87826384 5.03263582]",MM VW+SUE+Ann,Yes
2.968840729887798,0.36243273493132294,5.430398324843614,1.3092685867722027,0.022,"[ 1.50746638  3.5770813   3.28620491  5.35131916  1.95489529  4.31566153
  1.84684798  1.79082096  2.39336799  2.5122419   1.95320545  3.50473255
  2.80188522  3.53622407  1.98760376  4.93011947  2.41604789  4.24888928
  2.94623861  1.34309042  1.96124903  1.08060896  0.25892446  3.05337913
  4.17638475  2.83276464  3.17767758  3.59703087  3.49850948 -0.25404697
  7.11906397  2.13676831  3.54157932  1.05057099  2.86050904  2.37688014
  0.23099826  3.39193024  3.39648543  5.76612162  3.16190015  0.72028203
  4.27394761  3.0083346   2.41895338  1.60231841  2.20046524  2.30367356
  5.74134319  3.98506944  5.09628729  2.51959481  3.17688214  4.16946974
  4.84901324  2.34246418  3.45142045  0.08679884  3.53179262  3.35184694
  2.35638663  3.22682588  2.34342332  3.51555345  2.00831041  4.79785313
  1.13920695  4.85836447  2.67490333  3.55126566  3.07735194  3.70583938
  6.4786764   1.82980262  3.85854397  2.75715648  4.42124527  3.29887555
  1.97947725  4.0631122   2.41115382  4.63627483  2.7446339   2.06605523
  3.25226391  4.89704132  4.55152485  4.62633925  1.8839588   2.8828631
  1.381897    3.52199918  5.36534274  4.57691677  2.78680185  1.75969972
  4.3949501   4.82900777  1.49374566  2.9909671   4.49074584  4.66081265
  5.35253036  2.80044789  1.95604612  2.77934843  3.38002023  2.56829314
  4.03057738  3.86404328  4.1281935   4.1328742   2.04599235  4.42202253
  3.56292853  6.24489609  3.8107846   2.2759363   3.39076124  1.74838531
  2.07547718  2.02305192  2.52193972  5.42302719  2.76014355  3.1550786
  3.0095113   5.22535175  3.52815519  0.78804526  3.77552009  5.63759505
  4.05454255  2.12855271  3.88602452  5.19606504  3.95288094  2.45729896
  6.46446381  1.7425996   3.78220344  0.17033661  0.68450907  3.42889415
  4.20441535  2.25651909  4.43493604  2.40027231  1.4384682   1.92710778
 -0.37412513  5.063653    4.11877977  3.92516644  3.04104376  4.1557294
  3.14542473  2.80731764  3.81930194  3.14857684  5.00491364  4.29436135
  1.15815353  2.81633703  2.41907806  2.88096771  3.26265614  4.62289061
  3.6590246   2.23839945  3.36149483  2.47910531  3.34822405  4.71318958
  4.53970574  1.96975106  1.89533271  2.84882759  2.86473297  2.55688202
  1.26417889  2.9230081   4.72814539  3.44776696  1.65864586  3.91345475
  1.82801572  2.36061737  2.78679389  2.18978268  0.10063101  1.83786247
  1.85594322  3.47422585  2.07579287  1.75428292  1.58637979  3.2334985
  1.62267699  3.80262793  1.02899055  2.60198819  4.10055356  4.602445
  2.14849011  3.27438575  1.97797203  3.67208937  0.65821819  2.14682598
  1.5746879   3.35887004  3.55340609  3.70756332  0.37420285  5.75135377
  2.99281735  4.61469526  4.41952805  2.56563313  3.11336283  5.29137832
  4.01396531  2.10178133  2.83351167  2.45051385  4.43539119  3.83374675
  1.88698183  2.07608418  1.95269355  2.48692814  2.02847197  2.55996704
  3.10454169  2.49751016  4.56259427  2.00619458  3.04498213  4.77881957
  2.44983651  2.45747298  2.36605734  3.29472527  3.25718293  4.57027163
  3.85660632  0.72057013  4.26765691  2.0802589   3.47435334  4.07119925
  2.47120917  1.8358043   0.51167684  2.89329451  1.89190138  3.71986634
  2.9610727   3.54199026  3.35876624  4.41187091  5.33804775  2.85766677
  3.10908003  5.39778014  3.87087981  4.70004484  1.5548485   1.2448561
  1.38250962  1.80278755  3.24800178  3.15774019  2.35260819  3.13569396
  3.19464833  0.878042    3.76881393  2.44119367  1.79490515  2.69767807
  3.69402486  3.44210986  2.90091673  4.74672102  4.17130272  4.15059528
  0.22486305  3.92667067  1.53826938  2.05853253  4.25704447  1.51349273
  3.11807937  1.93813076  3.77958193  1.09722653  1.80747006  2.80251163
  2.70500996  2.77473539  5.14806453  5.16996597  2.44653555  3.78333155
  1.97149336  2.47222357  4.07247679  1.48792257  3.2004474   2.20535903
  5.14693125  2.98052098  2.25379212  1.15557004  3.46663365  3.71202639
  3.64711489  0.98574163  3.00489118  1.52577429  1.54033373  4.16438876
  2.78711244  2.96630763  3.46891278  1.99579724  3.58002666  5.53926984
  5.38227512  1.64996208  4.39575939  2.81090092  0.83898162  4.60685584
  4.06757103  2.70339785  2.64105494  2.52536534  3.66574465  2.4215858
  3.07094443  1.47120904  3.26241827  2.58320869  0.76846876  2.75668611
  2.03616281  2.13076363  4.24948893  1.74273776  4.50085344  0.92482842
  4.33457056  2.47214074  5.4545603   4.5815143   2.28762706  5.15962012
  2.59647134  3.89369544  2.03120853  3.42182776  1.38017732  3.75841612
  3.66516247  1.30542705  4.77425952  3.72575546  5.43035512  1.8952715
  3.04370742  2.86691392  3.47185491  1.89177508  2.98876243  2.70741752
  3.14081745  4.60130733  1.68031596  2.18425226  3.49092427  2.33204808
  4.04503384  2.69144683  1.85365513  4.36590417  4.09152173  2.57147355
  3.03349803  2.29143383  4.28392426  2.37863348  2.31993799  3.04532357
  3.26819248  3.58388376  4.35591482  2.59875835  4.66356446  4.10151057
  1.08499612  0.95743638  3.50411107  3.32593798  3.8176331   4.26598292
  3.69331776  1.71143401  2.40695391  2.20614371  1.28000795  4.1764625
  2.0167577   2.58921471  2.95477942  4.54074661  2.26989067  2.05964562
  2.94262365  2.16547766  2.90843754  3.1093831   1.73405266  3.68523591
  1.20960661  3.12571482  0.39206064  3.60340206  3.63718362  1.83747539
  2.65008386  2.47362232  1.87368233  5.43208341  3.35644587  3.90574444
  3.01331955  0.42484168  3.52724607  3.99757591  4.21547436  2.78407312
  3.83132823  3.93367073  4.31171015  1.78847592  4.97313605  3.33533138
  6.04859086  3.40299752  2.55176688  2.2249253   3.42755013  3.61732692
  3.28179811 -1.14779165  2.75639695  2.54603312  3.49066109  2.41001062
  2.20726755  3.04826492  4.84189036  1.37743716  4.71517191  4.3866427
  0.79078171  3.58334297  1.94235077  3.64815291  2.00378135  2.62030785
  1.86475933  4.5674919   1.10641514  3.76882625  4.94918696  3.70766479
  3.91437485  3.32904073  1.72981003  1.58538298  0.9812858   2.27009816
  2.06004471  2.52045898  5.06065139  4.84498917  3.63796945  1.24288657
  4.84635037  2.85763564  1.33384827  2.45059008  2.31338273  1.87121876
  3.34480666  1.82203492  3.90433993  1.88177347  2.53289249  3.62010086
  2.62840177  5.11706139  1.56445342  4.06889547  1.59512051  2.37018503
  0.98098491  2.61474283  2.35129464  2.36926443  0.99974     1.95278896
  3.4360881   1.69297162  3.06172939  0.13684804  3.27247678  3.02141462
  4.71695658  2.57703187  3.04400942 -0.06497535  2.95745907  4.35331272
  2.69231435  2.264199    2.81900018  1.22854428  4.13718562  2.8929784
  0.18082979  1.31551712  3.84285658  3.74589225  4.47274327  2.51284248
  1.41737321  4.40543907  4.38008331  2.78618945  2.22082416  2.27609251
  5.37557617 -0.61080578  3.12256688  2.90105308  3.98003452  3.31613981
  3.54044417  3.29806765  5.02092146  1.72614135  3.33174938  2.06281004
  3.52331358  3.16584346  2.82721516  3.95622593  1.61168316  2.17514622
  2.93509933  0.62862385  2.04922616  2.07616555  2.33713035  2.21812993
  3.54121193  3.76852876  2.86687347  3.91239478  0.66303202  3.98885524
  6.43971651  2.14276299  3.33707406  3.77072909  3.1550883   2.11233669
  3.15188912  3.57669706  5.23652432  1.13399967  1.48459167  0.90436154
  3.27429245  0.42464387  4.89668718  3.79291029  0.38761424  4.05383176
  3.10625099  1.79412154  2.84961726  2.32502013  3.15980742  4.03554255
  2.69836664  4.14683239  4.47423503  3.40821589  3.43975551  2.90079171
  3.12152748  2.4189047   4.52600495  0.83147329  0.59739691  2.48257365
  3.3866698   2.61239018  1.87502098  2.1109322   2.9650925   3.20605535
  3.21778247  1.70492735  2.40037747  2.08186105  3.48173083  2.53643487
  3.3938522   3.0854965   4.74968243  3.09247614  1.159053    2.39620667
  5.17948276  6.31065708  6.14155997  2.35049624  2.70404883  3.05403845
  2.96491999  2.6913997   5.56037166  3.37010094  3.48652144  5.73935355
  1.14515399  5.40692088  3.64519619  1.71533222  1.51647544  3.36321302
  0.33142836  3.79962959  4.51308581  1.2903121   2.96056061  4.88069266
  3.65928908  4.51619379  2.82003922  1.98437275  1.62970186  3.0627663
  2.90005533  3.34461622  3.43374222  1.80133365  1.69196155  1.79537274
  6.51808342  3.18477873  2.17787767  2.67568092  2.85503968  4.35538799
  1.65032764  5.28544043  2.47774866  3.32564038  3.0455607   3.90853214
  3.93166093  2.36296749  1.71575494  3.73544398  3.44055331  2.13032169
  3.14053372  2.23187173 -0.7939399   1.75517567  0.11590619  5.12104847
  1.09435874  4.23444034  4.03322457  1.54490609  4.53077643  2.01582273
  4.89550506  2.34596374  2.21395213  2.62116123  4.25199403  1.98090608
  3.5987153   2.20375162  3.36028948  3.21648888  3.12348544  2.54859158
  2.75466661  2.13513237  3.90650992  4.96365404  5.02029442  3.9258293
  3.38002485  4.44367364  5.00393032  2.74458328  2.26322018  1.61151663
  1.97853959  1.84797271  1.22576474  1.85235076  3.61129397  2.38432949
  2.30467198  2.39208324  6.87560762  1.02149835  2.59140935  3.5743421
  4.17649597  3.51971671  5.26749937  1.80776991  2.49070141  3.22526847
  4.03758815  2.5947918   1.59143725  4.23268186  2.60063369  4.55869245
  3.487371    4.58074676  2.85169055  2.92563331  4.04130612  0.25537795
  2.05242346  2.3548264   2.59828893  3.59220426  2.03336867  4.18698838
  4.33432032  4.87351371  0.72535333  2.12307082  2.51183579  1.14375399
  2.89102194  1.54333835  2.2388654   2.86746102  2.26194495  3.70385898
  3.40405567 -0.17853654  2.50097999  4.71104415  5.55514638  4.69032237
  1.27952667  1.64879322  3.11381638  0.94759022  3.98410316  3.46704296
  1.0215086   1.74844449 -0.020228    1.98832686  2.2521497   4.06174961
  4.85238743  0.68655121  4.22166389  1.77419891  2.66411789  3.93799926
  0.63602036  3.66689562  2.53500359  3.58895131  2.79862193  2.36246224
  2.02189272  3.75246801  4.79511519  3.33176909  3.95549835  4.2901505
  5.11343923  1.52239413  2.61064429  1.52433071  3.45652593  2.15981056
  2.65410349  5.25940922  4.42545812  0.98106385  2.35179842  2.38031455
  3.26001999  1.08338748  2.30977001  3.49913034  3.04079622  3.24296198
  3.33277953  1.41468364  4.49260313  4.01265552  5.00805998  3.89469754
  2.22605257  3.52393887  0.36322772  2.3072086   5.80510056  1.33579133
  3.67699065  0.12510877  0.82127665  2.77264586  0.0380533   2.50109169
  5.01092985  6.0508296   3.9844844   4.52498293  2.96764159  3.94109251
  4.43025175  3.85718585  2.0353441   2.43469634  2.41717094  1.69478501
  4.62450386  2.36478735  3.33817698  3.58600905  3.08280008  2.06995457
  2.37149957  3.82832626  2.40498202  2.52125304  2.46708871  2.48216277
  0.84477795  0.9355214   1.26702061  1.72259084  2.5717269   4.99571994
  4.04676428  2.04294413  3.87671152  2.47665224  3.50707377  2.43198323
  1.67287793  1.12464316  0.89320435  2.40860072  2.06702825  2.14426654
  4.37549318  1.85710744  2.48998684  3.55896905  2.24118948  4.176041
  2.79005713  2.09005224  0.81764177  3.11039274  4.98446962  2.3839393
  0.70768449  3.78817873  3.93457961  2.57313146  1.68956551  3.70941417
  4.564428    0.51094899  4.71120764  2.42661745  2.91757948  2.86172977
  3.54237173  3.90443815  3.63027851  3.20299817  2.92022533  4.08874974
  4.06230896  3.57742078  0.37998001  2.3392291   4.91375837  5.00676992
  4.79706567  3.95159936 -0.80674951  4.51810497  2.46514702  3.34460477
  4.60071212  2.19356141  1.8267976   3.82147447  5.40093951  1.88650128
  2.60399321  4.01944437 -0.45563715  2.17382128  3.42290314  1.32006661
  3.00074233  1.45861595  3.47381704  1.13613389  5.70240053  5.09363792
  2.16558028  2.44147393  2.88310158  2.37378377  3.45604835  4.05439577
  2.60726731  2.42806209  3.38351953  1.22842434  4.42032613  3.76687641
  2.77220992  4.04588379  3.04036825  2.11760098  3.91847163  2.38039959
  1.7569565   4.33594093  2.80222624  1.3912945   6.29573073  2.78377839
  4.72411494  5.42018186  1.45553247  2.78425307  3.23318067  0.03554422
  3.30489375  3.81722392  1.30840918  0.94430743  1.58271042  4.44707327
  4.77394119  1.36525534  4.08574512  2.13894425  3.1281572   2.81099203
  2.5464015   3.39173768  4.37935501  3.87756816 -0.56204927  2.09714015
  5.4863645   2.60228166  1.72831029  0.73325955  3.82907188  3.51366489
  2.53184629  4.51163913  3.93777174  4.34848961]",FFC+SUE+Ann,Yes
-0.5915254650459494,-2.6116486398547627,1.5977063019094095,1.1217095832729282,0.6,"[-2.77035762e-01  8.06058289e-01  8.44485466e-01 -1.37475972e+00
 -8.54602721e-01 -1.91778285e+00 -2.78985216e+00 -1.22266880e+00
  1.43628861e+00  1.81293933e+00 -1.97290264e+00 -1.67025334e+00
 -4.28399536e-01 -7.49897397e-01  1.12016603e+00  1.54928277e+00
 -1.43153691e+00  8.62270621e-01 -8.13163566e-01 -4.67578196e-01
 -7.78481329e-01 -2.31013199e-01 -7.65331384e-01  2.31280695e+00
 -3.04066848e-01 -1.16289520e-01 -2.33556902e-01  3.54943681e-01
 -7.91414513e-01 -1.16641904e-01  7.77912664e-01 -1.26514794e+00
  3.34929491e-01 -9.90454304e-01 -1.65852727e+00  9.26064944e-01
 -2.40340739e-01 -7.32676864e-01  1.25625768e+00  8.39739905e-01
 -2.98445216e+00  5.60166433e-01 -7.57182134e-01 -2.61649693e-01
 -9.83761812e-01  3.48377225e-01 -2.98956508e-01 -1.50460190e+00
  9.16616945e-01  1.05970295e+00 -2.75217228e-02  5.03605598e-01
  3.08610255e+00  4.57314566e-01  3.39834369e-01 -5.44846101e-01
 -3.32770806e-01 -2.56216331e+00 -5.27178305e-01 -5.68433942e-01
 -8.21241354e-01  6.55624405e-01  2.86448397e-01 -1.14824553e+00
 -3.05475435e+00 -5.07159633e-01  1.33538915e+00 -3.23864486e-01
  2.09624674e+00 -8.53002662e-01 -2.61077239e+00 -5.56039335e-01
  8.08936891e-01  3.19528542e-01 -2.32656812e-01  1.22414282e-01
 -7.06531895e-01  5.14591014e-01  7.03178058e-02  2.25588264e-01
 -2.15208838e+00 -6.78500277e-01 -1.11680882e+00 -2.52133028e+00
  3.11557222e-01 -2.26983286e-01 -3.24741995e+00 -9.95804844e-01
 -1.18305825e+00 -1.70118122e+00 -2.37408268e-02  1.94422665e+00
 -2.86122158e+00 -1.81849606e+00 -5.20735915e-01  2.21178253e-01
  5.59037906e-01  4.62403610e-01 -9.11306508e-01 -7.68505120e-01
 -1.58969979e+00 -1.48048670e+00  1.09543644e+00 -6.11155229e-01
  2.74227456e-01 -2.98849251e-01 -5.48281106e-01 -5.27787967e-01
 -2.76285993e-01 -2.31540497e+00 -7.19311628e-01 -6.41621970e-02
 -2.93289309e-01  7.75321214e-01 -5.21401892e-01 -7.33636246e-01
 -8.43155150e-01  8.78046794e-01 -1.01641480e+00 -2.51123913e-01
  1.14391138e+00 -1.36269083e+00 -6.44580957e-01 -2.18008587e+00
  6.51167206e-02 -1.93588390e+00 -1.25344171e+00 -3.28600491e-01
 -1.65841398e+00 -8.60882688e-01 -1.59946360e+00 -1.43922959e+00
  1.29893321e-01 -6.53987632e-01 -2.30267640e+00 -3.15707795e+00
 -1.81826375e+00 -1.98693271e+00  5.99362665e-02 -1.06970897e+00
  9.69647774e-01 -1.83658191e+00 -1.42345178e+00 -1.63748970e+00
  7.27047367e-01 -1.68982392e+00 -2.22665544e+00  1.46243563e-01
 -1.60875892e+00  1.09216880e+00  5.16415366e-01 -9.35979301e-01
 -6.42120449e-01 -2.44189072e+00 -9.96316866e-01 -6.31319960e-01
 -1.96180566e-01  1.24247770e-01 -8.33664483e-01  3.01978971e-01
 -2.07210139e+00 -1.79925842e-01 -6.75384994e-01 -2.24470777e+00
 -1.21353283e+00 -1.67785285e+00 -1.14577153e+00 -1.07273757e+00
 -5.07932076e-01 -2.94324349e-01 -4.02463784e-01 -2.19554396e+00
 -4.36482615e-01  1.40606583e+00 -2.07419291e+00 -1.07108648e+00
 -2.43843678e+00  1.71477551e-01 -1.84724252e+00 -1.13282524e-02
 -1.92292091e+00 -1.00222059e+00 -6.87936488e-01 -3.35439170e+00
 -3.33949430e-01 -6.30521485e-01 -2.24177402e-01 -1.16307081e+00
 -1.40584679e+00  6.85139110e-01  8.13771733e-01 -2.49305818e+00
 -5.22378477e-01 -1.68991316e-01 -6.78612451e-01 -9.90121829e-01
  3.24821272e-01 -8.85533330e-01 -8.21466276e-01 -1.00638327e+00
 -8.32872620e-01 -8.59538938e-01 -4.35371962e-01 -1.51670863e+00
 -2.50299160e+00 -2.14449324e+00  2.76503801e-01 -1.32304409e+00
  3.56377322e-01 -1.92373274e+00  1.16305268e+00 -2.05387160e-01
  8.22183257e-02 -2.33968888e-01  3.87292464e-01 -7.98966848e-01
 -7.83396561e-02  6.24150247e-01 -5.90129984e-01  2.08173578e-01
 -2.18498474e+00 -1.20139973e+00 -9.02020961e-01 -9.16971270e-01
 -4.98117045e-01 -8.84058604e-02 -2.76889584e-02 -8.05828101e-01
 -1.99317622e+00  1.20817288e-01 -1.01919389e+00  3.68111896e-01
 -8.89480179e-01 -1.39695045e+00 -1.07838582e+00 -4.56201101e-01
  2.35883638e+00 -2.42742805e+00  5.98266973e-01 -1.67373600e+00
  1.69945084e+00 -1.02290547e+00 -9.24892186e-01  1.68302960e-01
 -2.77952288e-01 -2.38314876e+00  9.71991603e-01 -1.63855815e+00
 -9.45624778e-01 -1.06316952e+00 -1.59308657e+00 -1.38843876e+00
 -1.97932978e+00 -2.71496032e+00  7.05099113e-01 -7.86085733e-02
 -1.00900323e+00  1.45452727e+00 -1.33053493e+00 -8.85226694e-01
 -5.91764874e-01  1.92689122e-01 -1.54667305e+00  1.10663514e+00
 -2.23957023e-01 -4.46342202e-02 -1.22867887e+00 -4.41947108e-01
 -1.61223599e+00  1.48917888e+00 -3.69250090e-01 -1.94664426e+00
 -2.15089443e+00 -1.21443976e+00 -3.56857145e-02 -1.21980651e+00
  7.31311351e-01  6.95310908e-01 -1.13828572e+00 -1.33311470e+00
  7.99092448e-01  8.24665966e-01  3.41882269e-01 -2.92053343e-01
 -2.42489972e-01  1.23471140e+00  1.79517069e-01  5.07900431e-01
 -1.58757558e+00  1.09165173e+00  2.10603137e+00 -4.50445371e-01
 -1.63998036e+00 -2.27671284e+00 -1.80188624e-01 -1.81379802e+00
 -1.65479034e+00 -2.70367864e-01 -1.96655598e+00  4.17088881e-01
 -1.95884230e+00  1.03510444e+00  1.43809581e+00  6.06865520e-01
 -2.38041827e+00 -7.37168666e-01 -8.38884757e-01  4.44870580e-01
  9.11177540e-01  9.09422895e-02 -1.11756262e+00 -1.65793319e+00
 -2.50090376e+00 -5.46059367e-02 -6.71857245e-01 -2.69897937e-01
  4.44817638e-01  7.24608735e-01 -2.26284075e+00 -3.74400859e-01
  4.85621240e-01 -2.36284897e-01 -9.70274067e-01  1.51237011e+00
 -9.26691637e-01 -9.38190809e-01 -2.23010945e-01 -2.22405763e+00
 -2.44082158e+00 -1.03617112e+00  1.68266253e-01 -1.34129178e+00
 -1.54907613e+00  6.38267370e-01 -4.48576846e-01  2.04020972e+00
 -2.32265321e+00 -2.23438164e+00  4.06951327e-01 -5.06299399e-01
  2.44127306e-01 -1.80964406e+00 -2.11204603e+00 -3.22396076e+00
  4.43807366e-01 -1.20690303e+00  5.66994548e-01 -4.51509402e-01
 -3.09443500e-01  1.23401053e+00 -2.08353253e+00  9.60463414e-03
 -1.33367498e+00 -1.31999732e+00 -6.01422840e-01 -5.75719090e-01
 -7.73359884e-01 -2.12142086e-01 -2.64899315e+00 -5.37071217e-01
 -3.49206572e-01 -9.78260090e-01  1.36972797e+00 -2.25809284e-01
  7.94829037e-01 -6.15793984e-01 -1.15572126e+00  3.45116414e-01
  3.12701077e-01  1.11640193e+00 -1.55971072e+00  4.52881562e-01
 -6.40312010e-01  7.66983214e-01  3.28018420e-01 -2.67834289e+00
  1.24270209e+00 -9.22970769e-01 -1.16360543e+00  2.50004182e-01
 -8.12692525e-01 -1.01257016e+00 -5.98859357e-01  7.20572236e-01
 -1.68980632e+00 -2.75670609e+00 -2.39288971e+00 -5.28330201e-01
  3.49730260e-01  2.61140980e-01 -1.62891469e+00  1.52004733e-01
  1.15451469e-01 -7.24978173e-01 -1.27765646e+00  7.04456322e-01
 -1.78526955e+00 -8.29329199e-01 -6.80593309e-01 -4.58140961e-01
 -1.11972438e+00 -5.80236287e-01  4.19432996e+00  4.11039772e-01
  9.79133771e-01 -7.94815195e-01 -1.45172914e+00 -9.74021402e-01
 -7.56225125e-01 -8.37171093e-01  8.79075075e-01 -1.55199484e+00
 -8.38230570e-01  3.09358651e+00  2.05955585e-01 -1.96679083e+00
 -2.96157945e-01 -3.57323558e-01  1.45660808e-01 -2.73285165e+00
 -6.97938787e-01  2.01711781e-01 -6.64604957e-01 -8.18117058e-01
 -2.85082365e+00 -1.63772257e+00 -1.45020097e+00 -1.35634870e+00
 -2.39938046e+00 -6.11062970e-02  1.63184775e+00 -1.54366706e-01
 -1.35545376e+00 -2.62913996e-01 -2.47373994e-01 -1.28058984e+00
 -1.44595519e-01 -2.14165663e+00 -1.18566449e+00 -1.67870896e-01
 -6.38632069e-01 -2.63158839e-01  1.47855483e+00 -2.20114132e+00
  1.14408005e+00  6.34858668e-01 -3.07153501e+00 -8.38883608e-01
  8.95325246e-01  5.39970720e-01 -1.65415028e+00 -7.12515209e-01
  1.41038533e-01  6.74591574e-01  1.44058882e+00  6.91902152e-01
 -1.57028703e+00 -1.12576100e+00 -1.19087963e+00 -1.54054015e+00
 -1.41724151e+00 -4.74302354e-01  3.84205098e-01 -2.75028451e+00
 -1.01034444e+00 -2.07435325e+00  7.24316525e-01 -1.48801269e+00
 -2.08157164e+00 -7.46607729e-01  3.66803958e-01 -1.24381430e+00
 -1.15732532e+00 -1.95076608e+00 -1.04092207e+00 -2.99043447e-01
 -1.89724975e+00 -2.45247823e+00 -1.10908393e+00  1.45880118e+00
 -3.51959381e-01 -1.59359924e+00 -9.71807814e-01 -1.32973416e+00
  1.85396651e-01 -1.61652010e+00 -1.19146987e+00 -2.01912220e+00
  1.32936443e-01 -1.24815562e+00  1.00332255e-01 -1.31661624e+00
 -4.52250276e-01 -6.13892879e-01  3.20192746e-02 -2.49021488e+00
  1.59750502e+00 -1.59100481e+00  2.32345030e-01 -4.29838656e-01
 -1.66650725e+00 -2.10883892e+00  1.57771596e+00  4.29590347e-01
 -8.65257485e-01  1.45084152e+00 -6.07372188e-02 -8.41955458e-01
  1.68464452e-01 -1.46684883e+00 -2.35646376e-03 -4.97156271e-01
  6.05459552e-01 -3.90901954e-01 -2.16902588e+00 -1.11366264e+00
 -2.58728092e+00 -1.85603407e-02 -1.52582425e+00 -2.01652159e+00
 -6.29270298e-01  1.69342922e-01 -2.42254133e+00 -1.72712402e+00
 -2.25046475e+00 -2.26131693e+00 -4.14069541e-01 -2.10217937e+00
 -1.68489133e+00 -8.72771378e-01 -1.63378816e+00  3.35331782e-01
 -1.06695363e+00 -1.55487699e+00 -1.33962735e+00  1.06853864e+00
 -7.61837599e-01 -1.25060160e+00 -1.44211890e+00  4.75914730e-01
 -3.24938340e-01  1.76249204e+00 -6.07173971e-01 -1.04510723e+00
 -2.56282662e-01  3.46092744e-01 -2.16064508e+00  5.81702024e-01
 -8.05911473e-01 -2.73568938e-01 -1.10066553e+00 -5.06485325e-01
 -1.24965278e+00  3.16295789e-01 -4.99038883e-01 -1.71352753e+00
  5.52020598e-01  4.94155592e-01 -2.16597185e-01 -1.42346690e+00
 -1.09744411e+00  1.97135855e-01 -2.64582236e+00 -8.12255939e-01
 -3.15450510e-02 -1.41703704e+00 -1.93269875e+00 -1.58633884e-01
 -1.33828023e-02  8.69590789e-01  7.62436134e-01 -2.73650150e-01
 -9.40470769e-01 -2.36896643e-01 -1.25277213e+00 -2.06530040e-01
 -2.80198414e-01 -9.34370468e-01 -3.14335428e-02  2.49086873e-01
 -1.33226666e+00 -2.21726266e+00 -1.74908385e+00 -1.33345352e+00
  1.95547111e+00 -5.19408452e-01 -1.58401132e+00 -1.16845514e+00
 -2.92122106e-01  9.44595894e-01 -6.13875827e-02 -2.14662683e+00
 -1.56252093e+00 -1.52056886e+00 -1.43864012e+00  1.52504850e-01
 -1.36237615e-01  5.17938028e-01 -2.81153402e+00 -2.59868730e-01
  1.12251234e+00  1.60598153e+00 -1.70884873e+00 -1.75705843e-01
 -7.03222811e-01  1.86603904e-01  2.84708232e-01 -6.02468844e-01
 -2.13416774e-01  5.67495014e-01  3.00076728e-01 -2.20553419e+00
 -5.53045439e-01 -1.16690915e+00 -9.40842085e-01  4.56034212e-01
  5.81812839e-01 -2.12278155e+00 -1.68158581e+00 -1.04373565e+00
 -1.54959416e-01  4.85057316e-01 -2.12836443e+00 -5.03224622e-01
 -1.24551427e+00 -1.26949531e+00  1.52359592e+00 -5.91051765e-01
  1.58004859e+00 -1.82918101e+00 -3.90966265e-01 -6.13929332e-01
 -1.06716852e+00 -2.78258466e-01  1.71516604e+00 -1.77067575e+00
 -9.53232622e-01 -3.62186156e-01 -1.06919594e+00 -1.95816097e+00
  5.59849973e-01  2.57923523e-01 -8.14213320e-01  1.81379993e-01
  3.70627342e-01 -2.88287220e-01 -1.99705559e+00 -2.18571465e+00
  1.78860281e-01 -5.89272153e-01 -5.96572498e-01 -1.39684336e+00
 -1.04599689e+00 -2.80696696e-01 -1.22137764e+00  7.70702737e-01
  1.51360499e-01  1.60555622e+00 -1.76242046e+00 -9.82485522e-01
  2.28008260e-02 -8.73542086e-01 -4.34694250e+00 -8.25814679e-01
  2.75726344e-01 -6.19925915e-01 -1.49846888e+00 -8.24545299e-01
 -1.33953257e+00 -1.16827061e+00 -1.62342727e+00 -2.56032132e+00
 -2.34689607e+00  1.44100613e+00 -3.94991955e-01 -2.38815060e+00
 -7.15058166e-01 -1.84804895e+00  4.24630322e-01 -5.01435306e-01
 -7.45340210e-01 -7.89677116e-01 -1.04776881e+00  4.02354831e-01
  6.34708398e-01 -1.07294874e+00 -4.92513940e-01 -1.17008922e+00
  3.46227435e-01 -1.22895429e+00 -1.62454066e+00 -7.04852221e-02
 -2.09348049e+00  6.86228604e-01  1.32490812e+00 -4.29372426e-01
 -8.86515387e-01 -9.10813723e-02  3.75265191e-01 -1.84115484e+00
 -9.68521118e-02 -1.72556985e+00 -9.13465448e-01 -1.40108076e+00
  5.17705060e-01 -2.06598961e+00  1.78933439e+00 -1.35692583e+00
 -1.29288035e+00 -1.28626952e+00 -5.27250576e-01  8.95285553e-01
 -1.69137916e+00  6.20006944e-01 -6.08755795e-01  1.59130166e+00
  1.18419593e+00 -2.17472699e+00 -1.06266183e+00  1.30044406e-01
 -2.06707017e+00 -1.58336079e+00  4.14618757e-01 -6.13091860e-01
 -4.06682806e-01  1.38113478e+00 -1.14328488e+00 -2.85845391e-01
  2.11063250e-01 -1.98791124e+00 -9.57472279e-01  5.53056289e-01
  3.08463086e-02  2.68244763e-01  5.40928248e-01  1.74742577e-01
 -5.75835821e-01 -3.70040488e-01 -2.10293344e+00 -5.56245358e-01
 -2.70564035e+00  2.26645040e-01 -2.47457289e+00 -4.11456413e+00
 -1.15832878e+00 -1.32596223e+00 -1.05354209e+00 -2.55748948e-01
 -4.13381386e-02 -4.72899256e-01 -9.77804690e-01 -1.33261179e+00
 -3.13852262e-01 -7.04291470e-01 -2.59738081e+00 -4.10776675e-01
 -2.46845961e+00 -2.63960810e-01 -2.48321821e+00 -1.81549964e-02
  8.17876673e-01  5.77251485e-01  3.26027978e-01  2.82521437e-01
 -1.75216314e+00  6.46882459e-01 -3.52701614e-01 -1.87720934e+00
 -2.29129016e+00 -8.92956603e-01  9.27279065e-01 -1.14999776e+00
 -2.09006700e+00  4.14947640e-01  2.23948420e-01 -3.72639684e-01
 -1.36934586e+00 -1.38887263e+00 -2.00562796e+00  3.30620144e-01
 -7.06738036e-01 -1.39867475e+00  4.58296752e-01  1.16744329e+00
  4.27762945e-01 -1.07338857e+00  5.68606994e-01 -2.79884015e+00
  6.77411111e-02 -2.48244128e-01 -1.32292055e+00 -1.88676925e+00
 -1.70226594e+00  1.12721396e+00 -1.07082922e+00 -1.07661569e+00
 -1.36918598e-01 -2.07020317e-01  9.26647116e-01  4.93138905e-01
  1.18190150e-01  8.22314577e-01  3.55959319e-01 -1.55852610e+00
  1.36565978e-01 -2.10335340e+00  7.06838740e-01 -7.39407477e-01
  1.33222576e-01 -5.34092858e-01 -5.28087277e-01  3.82889299e-01
  3.73862957e-01 -3.74927259e-01  8.27356377e-01 -2.18138668e+00
 -8.05824388e-01  9.06855968e-01 -7.88794759e-01  4.06600991e-01
  1.53440239e+00  4.27340086e-01 -2.46262916e+00 -1.09267590e-01
  1.47933977e-01 -1.25820906e-01 -1.78103071e+00 -5.59348751e-01
 -2.94858741e-02 -1.29755654e+00  3.63827792e-01  5.08556825e-02
  1.42894357e-01 -4.29538565e-01 -1.31207433e+00 -7.79197584e-01
 -7.16204347e-01 -1.77680705e+00 -1.28143099e+00 -1.90235503e+00
 -1.65399426e+00  1.51995533e+00 -5.78559390e-01 -7.77653331e-01
 -8.19505793e-02 -5.74117918e-01 -2.84306077e-01 -5.65965733e-01
 -6.21631893e-01  1.19997780e-01 -2.59482293e-01 -1.17569395e+00
 -1.62781389e+00 -3.21599684e+00  4.94992907e-01 -2.38979643e+00
 -1.83736951e+00 -1.09189216e+00  1.85522755e-01  4.10639086e-01
 -1.22513450e+00  1.06693084e-01 -2.29388241e+00 -1.23242350e+00
 -2.13939027e+00 -2.96970047e-01  1.34364532e-01 -1.50156938e+00
 -2.30918637e-01 -1.01837560e+00 -5.87802045e-01  1.32623817e+00
  1.40958228e-01 -3.40526146e-01 -9.27795488e-01 -2.33124636e+00
  6.77535063e-02 -1.05155603e+00 -1.77244164e+00  4.91616501e-01
 -1.36556714e+00 -1.18675972e+00 -1.21880238e+00 -1.52602169e+00
 -7.65165754e-01 -1.09233828e+00 -7.49479911e-01 -3.53994271e+00
 -1.76460026e+00 -1.68542618e+00 -4.19019375e-01 -1.42903921e+00
  1.89321985e+00 -1.53640146e+00 -1.42411485e+00 -1.30447659e+00
 -1.12351195e+00 -2.31095035e+00 -2.54075941e+00  1.17168060e+00
 -1.35954939e+00 -2.43349822e-01  2.93216509e+00  6.48136475e-01
 -8.91087079e-01  2.34187654e+00 -9.63094795e-01 -9.75766312e-01
 -2.38935486e+00 -7.65178064e-01  1.80916991e+00  4.55887067e-01
 -1.55746946e-02  1.46427627e-01 -1.29435885e+00 -1.50049043e+00
 -7.00349307e-01 -5.71335788e-01 -5.24507603e-01 -1.32135933e+00
 -1.56648411e+00  1.26161868e+00 -1.64313802e+00 -1.45239543e+00
  1.29655851e-01 -1.28664823e+00 -5.14975526e-01 -3.10841721e-01
 -3.04748699e-01 -2.39580318e+00  8.06891060e-01 -2.79609686e+00
 -8.00651037e-01  1.09028982e+00  1.63117522e+00 -4.49175908e-01
 -4.51415253e-01 -5.78554412e-01  4.65405265e-01  1.47434904e+00
 -7.09491702e-01 -2.53930936e-01 -1.74782091e+00  3.64732658e-01
 -5.52025311e-01 -1.13761102e+00 -2.27490657e-02 -6.18575933e-01
 -4.87176014e-01 -1.42215759e+00  9.39717099e-01  1.27132474e+00
 -1.43253300e+00  5.32639175e-01  3.85100039e-01 -1.19708344e+00
  3.54011552e-01 -1.70678888e+00 -6.36186775e-01  1.29774155e+00
  1.07388816e+00 -1.20522986e+00 -1.69664306e+00 -1.04589352e+00
 -1.63503724e+00  1.45283130e+00  1.44564243e-01  9.56972875e-02
  1.24302229e+00  3.33857648e-01 -6.75621396e-01  4.43797606e-01
 -1.24964064e+00 -1.88328420e+00 -2.08868363e-01 -1.46272338e+00
 -3.94435628e-01  1.78291713e+00 -4.30271212e-01 -1.27838233e+00
  2.06590377e+00 -1.31740434e+00 -1.64950713e-01  3.78442329e-01
  2.37702200e-01 -1.42222967e+00 -1.56028027e+00 -2.03507068e+00
  1.83969656e-01 -1.40916839e+00  1.88359868e-01 -2.51194098e+00
 -3.03577274e-01 -1.25278524e+00 -1.02494794e+00 -9.06968285e-01
 -1.48803388e+00  6.83147751e-02 -1.58042784e+00 -1.33563244e-01]",FFC+TSUE+Ann,No
